Season,Date,HomeTeam,AwayTeam,FTHG,FTAG,FTR,HTHG,HTAG,HTR,Referee
18,11/8/2017,Arsenal,Leicester,4,3,H,2,2,D,M Dean
18,12/8/2017,Brighton,Man City,0,2,A,0,0,D,M Oliver
18,12/8/2017,Chelsea,Burnley,2,3,A,0,3,A,C Pawson
18,12/8/2017,Crystal Palace,Huddersfield,0,3,A,0,2,A,J Moss
18,12/8/2017,Everton,Stoke,1,0,H,1,0,H,N Swarbrick
18,12/8/2017,Southampton,Swansea,0,0,D,0,0,D,M Jones
18,12/8/2017,Watford,Liverpool,3,3,D,2,1,H,A Taylor
18,12/8/2017,West Brom,Bournemouth,1,0,H,1,0,H,R Madley
18,13/08/17,Man United,West Ham,4,0,H,1,0,H,M Atkinson
18,13/08/17,Newcastle,Tottenham,0,2,A,0,0,D,A Marriner
18,19/08/17,Bournemouth,Watford,0,2,A,0,0,D,R East
18,19/08/17,Burnley,West Brom,0,1,A,0,0,D,M Atkinson
18,19/08/17,Leicester,Brighton,2,0,H,1,0,H,L Probert
18,19/08/17,Liverpool,Crystal Palace,1,0,H,0,0,D,K Friend
18,19/08/17,Southampton,West Ham,3,2,H,2,1,H,L Mason
18,19/08/17,Stoke,Arsenal,1,0,H,0,0,D,A Marriner
18,19/08/17,Swansea,Man United,0,4,A,0,1,A,J Moss
18,20/08/17,Huddersfield,Newcastle,1,0,H,0,0,D,C Pawson
18,20/08/17,Tottenham,Chelsea,1,2,A,0,1,A,A Taylor
18,21/08/17,Man City,Everton,1,1,D,0,1,A,R Madley
18,26/08/17,Bournemouth,Man City,1,2,A,1,1,D,M Dean
18,26/08/17,Crystal Palace,Swansea,0,2,A,0,1,A,A Marriner
18,26/08/17,Huddersfield,Southampton,0,0,D,0,0,D,S Attwell
18,26/08/17,Man United,Leicester,2,0,H,0,0,D,M Oliver
18,26/08/17,Newcastle,West Ham,3,0,H,1,0,H,N Swarbrick
18,26/08/17,Watford,Brighton,0,0,D,0,0,D,G Scott
18,27/08/17,Chelsea,Everton,2,0,H,2,0,H,J Moss
18,27/08/17,Liverpool,Arsenal,4,0,H,2,0,H,C Pawson
18,27/08/17,Tottenham,Burnley,1,1,D,0,0,D,L Mason
18,27/08/17,West Brom,Stoke,1,1,D,0,0,D,A Taylor
18,9/9/2017,Arsenal,Bournemouth,3,0,H,2,0,H,A Taylor
18,9/9/2017,Brighton,West Brom,3,1,H,1,0,H,C Kavanagh
18,9/9/2017,Everton,Tottenham,0,3,A,0,2,A,G Scott
18,9/9/2017,Leicester,Chelsea,1,2,A,0,1,A,L Mason
18,9/9/2017,Man City,Liverpool,5,0,H,2,0,H,J Moss
18,9/9/2017,Southampton,Watford,0,2,A,0,1,A,L Probert
18,9/9/2017,Stoke,Man United,2,2,D,1,1,D,N Swarbrick
18,10/9/2017,Burnley,Crystal Palace,1,0,H,1,0,H,M Oliver
18,10/9/2017,Swansea,Newcastle,0,1,A,0,0,D,M Jones
18,11/9/2017,West Ham,Huddersfield,2,0,H,0,0,D,K Friend
18,15/09/17,Bournemouth,Brighton,2,1,H,0,0,D,C Pawson
18,16/09/17,Crystal Palace,Southampton,0,1,A,0,1,A,R Madley
18,16/09/17,Huddersfield,Leicester,1,1,D,0,0,D,J Moss
18,16/09/17,Liverpool,Burnley,1,1,D,1,1,D,R East
18,16/09/17,Newcastle,Stoke,2,1,H,1,0,H,S Attwell
18,16/09/17,Tottenham,Swansea,0,0,D,0,0,D,M Dean
18,16/09/17,Watford,Man City,0,6,A,0,3,A,A Taylor
18,16/09/17,West Brom,West Ham,0,0,D,0,0,D,P Tierney
18,17/09/17,Chelsea,Arsenal,0,0,D,0,0,D,M Oliver
18,17/09/17,Man United,Everton,4,0,H,1,0,H,A Marriner
18,23/09/17,Burnley,Huddersfield,0,0,D,0,0,D,C Kavanagh
18,23/09/17,Everton,Bournemouth,2,1,H,0,0,D,M Atkinson
18,23/09/17,Leicester,Liverpool,2,3,A,1,2,A,A Taylor
18,23/09/17,Man City,Crystal Palace,5,0,H,1,0,H,N Swarbrick
18,23/09/17,Southampton,Man United,0,1,A,0,1,A,C Pawson
18,23/09/17,Stoke,Chelsea,0,4,A,0,2,A,M Dean
18,23/09/17,Swansea,Watford,1,2,A,0,1,A,L Mason
18,23/09/17,West Ham,Tottenham,2,3,A,0,2,A,M Oliver
18,24/09/17,Brighton,Newcastle,1,0,H,0,0,D,A Marriner
18,25/09/17,Arsenal,West Brom,2,0,H,1,0,H,R Madley
18,30/09/17,Bournemouth,Leicester,0,0,D,0,0,D,G Scott
18,30/09/17,Chelsea,Man City,0,1,A,0,0,D,M Atkinson
18,30/09/17,Huddersfield,Tottenham,0,4,A,0,3,A,N Swarbrick
18,30/09/17,Man United,Crystal Palace,4,0,H,2,0,H,M Dean
18,30/09/17,Stoke,Southampton,2,1,H,1,0,H,M Jones
18,30/09/17,West Brom,Watford,2,2,D,2,1,H,M Oliver
18,30/09/17,West Ham,Swansea,1,0,H,0,0,D,R East
18,1/10/2017,Arsenal,Brighton,2,0,H,1,0,H,K Friend
18,1/10/2017,Everton,Burnley,0,1,A,0,1,A,J Moss
18,1/10/2017,Newcastle,Liverpool,1,1,D,1,1,D,C Pawson
18,14/10/17,Burnley,West Ham,1,1,D,0,1,A,S Attwell
18,14/10/17,Crystal Palace,Chelsea,2,1,H,2,1,H,A Marriner
18,14/10/17,Liverpool,Man United,0,0,D,0,0,D,M Atkinson
18,14/10/17,Man City,Stoke,7,2,H,3,1,H,C Pawson
18,14/10/17,Swansea,Huddersfield,2,0,H,1,0,H,P Tierney
18,14/10/17,Tottenham,Bournemouth,1,0,H,0,0,D,R Madley
18,14/10/17,Watford,Arsenal,2,1,H,0,1,A,N Swarbrick
18,15/10/17,Brighton,Everton,1,1,D,0,0,D,M Oliver
18,15/10/17,Southampton,Newcastle,2,2,D,0,1,A,K Friend
18,16/10/17,Leicester,West Brom,1,1,D,0,0,D,M Dean
18,20/10/17,West Ham,Brighton,0,3,A,0,2,A,M Atkinson
18,21/10/17,Chelsea,Watford,4,2,H,1,1,D,J Moss
18,21/10/17,Huddersfield,Man United,2,1,H,2,0,H,L Mason
18,21/10/17,Man City,Burnley,3,0,H,1,0,H,R East
18,21/10/17,Newcastle,Crystal Palace,1,0,H,0,0,D,S Attwell
18,21/10/17,Southampton,West Brom,1,0,H,0,0,D,G Scott
18,21/10/17,Stoke,Bournemouth,1,2,A,0,2,A,L Probert
18,21/10/17,Swansea,Leicester,1,2,A,0,1,A,M Oliver
18,22/10/17,Everton,Arsenal,2,5,A,1,1,D,C Pawson
18,22/10/17,Tottenham,Liverpool,4,1,H,3,1,H,A Marriner
18,28/10/17,Arsenal,Swansea,2,1,H,0,1,A,L Mason
18,28/10/17,Bournemouth,Chelsea,0,1,A,0,0,D,C Pawson
18,28/10/17,Crystal Palace,West Ham,2,2,D,0,2,A,R Madley
18,28/10/17,Liverpool,Huddersfield,3,0,H,0,0,D,K Friend
18,28/10/17,Man United,Tottenham,1,0,H,0,0,D,J Moss
18,28/10/17,Watford,Stoke,0,1,A,0,1,A,M Oliver
18,28/10/17,West Brom,Man City,2,3,A,1,2,A,M Jones
18,29/10/17,Brighton,Southampton,1,1,D,0,1,A,N Swarbrick
18,29/10/17,Leicester,Everton,2,0,H,2,0,H,A Marriner
18,30/10/17,Burnley,Newcastle,1,0,H,0,0,D,M Dean
18,4/11/2017,Huddersfield,West Brom,1,0,H,1,0,H,R East
18,4/11/2017,Newcastle,Bournemouth,0,1,A,0,0,D,P Tierney
18,4/11/2017,Southampton,Burnley,0,1,A,0,0,D,L Probert
18,4/11/2017,Stoke,Leicester,2,2,D,1,1,D,R Madley
18,4/11/2017,Swansea,Brighton,0,1,A,0,1,A,M Dean
18,4/11/2017,West Ham,Liverpool,1,4,A,0,2,A,N Swarbrick
18,5/11/2017,Chelsea,Man United,1,0,H,0,0,D,A Taylor
18,5/11/2017,Everton,Watford,3,2,H,0,0,D,G Scott
18,5/11/2017,Man City,Arsenal,3,1,H,1,0,H,M Oliver
18,5/11/2017,Tottenham,Crystal Palace,1,0,H,0,0,D,K Friend
18,18/11/17,Arsenal,Tottenham,2,0,H,2,0,H,M Dean
18,18/11/17,Bournemouth,Huddersfield,4,0,H,2,0,H,L Probert
18,18/11/17,Burnley,Swansea,2,0,H,2,0,H,M Atkinson
18,18/11/17,Crystal Palace,Everton,2,2,D,2,2,D,A Taylor
18,18/11/17,Leicester,Man City,0,2,A,0,1,A,G Scott
18,18/11/17,Liverpool,Southampton,3,0,H,2,0,H,M Jones
18,18/11/17,Man United,Newcastle,4,1,H,2,1,H,C Pawson
18,18/11/17,West Brom,Chelsea,0,4,A,0,3,A,J Moss
18,19/11/17,Watford,West Ham,2,0,H,1,0,H,A Marriner
18,20/11/17,Brighton,Stoke,2,2,D,1,2,A,L Mason
18,24/11/17,West Ham,Leicester,1,1,D,1,1,D,M Atkinson
18,25/11/17,Crystal Palace,Stoke,2,1,H,0,0,D,M Dean
18,25/11/17,Liverpool,Chelsea,1,1,D,0,0,D,M Oliver
18,25/11/17,Man United,Brighton,1,0,H,0,0,D,N Swarbrick
18,25/11/17,Newcastle,Watford,0,3,A,0,2,A,C Kavanagh
18,25/11/17,Swansea,Bournemouth,0,0,D,0,0,D,S Attwell
18,25/11/17,Tottenham,West Brom,1,1,D,0,1,A,M Jones
18,26/11/17,Burnley,Arsenal,0,1,A,0,0,D,L Mason
18,26/11/17,Huddersfield,Man City,1,2,A,1,0,H,C Pawson
18,26/11/17,Southampton,Everton,4,1,H,1,1,D,K Friend
18,28/11/17,Brighton,Crystal Palace,0,0,D,0,0,D,A Marriner
18,28/11/17,Leicester,Tottenham,2,1,H,2,0,H,A Taylor
18,28/11/17,Watford,Man United,2,4,A,0,3,A,J Moss
18,28/11/17,West Brom,Newcastle,2,2,D,1,0,H,L Probert
18,29/11/17,Arsenal,Huddersfield,5,0,H,1,0,H,G Scott
18,29/11/17,Bournemouth,Burnley,1,2,A,0,1,A,R East
18,29/11/17,Chelsea,Swansea,1,0,H,0,0,D,N Swarbrick
18,29/11/17,Everton,West Ham,4,0,H,2,0,H,M Oliver
18,29/11/17,Man City,Southampton,2,1,H,0,0,D,P Tierney
18,29/11/17,Stoke,Liverpool,0,3,A,0,1,A,M Atkinson
18,2/12/2017,Arsenal,Man United,1,3,A,0,2,A,A Marriner
18,2/12/2017,Brighton,Liverpool,1,5,A,0,2,A,G Scott
18,2/12/2017,Chelsea,Newcastle,3,1,H,2,1,H,K Friend
18,2/12/2017,Everton,Huddersfield,2,0,H,0,0,D,C Kavanagh
18,2/12/2017,Leicester,Burnley,1,0,H,1,0,H,P Tierney
18,2/12/2017,Stoke,Swansea,2,1,H,2,1,H,C Pawson
18,2/12/2017,Watford,Tottenham,1,1,D,1,1,D,M Atkinson
18,2/12/2017,West Brom,Crystal Palace,0,0,D,0,0,D,M Oliver
18,3/12/2017,Bournemouth,Southampton,1,1,D,1,0,H,J Moss
18,3/12/2017,Man City,West Ham,2,1,H,0,1,A,M Dean
18,9/12/2017,Burnley,Watford,1,0,H,1,0,H,L Probert
18,9/12/2017,Crystal Palace,Bournemouth,2,2,D,2,2,D,K Friend
18,9/12/2017,Huddersfield,Brighton,2,0,H,2,0,H,S Attwell
18,9/12/2017,Newcastle,Leicester,2,3,A,1,1,D,N Swarbrick
18,9/12/2017,Swansea,West Brom,1,0,H,0,0,D,M Dean
18,9/12/2017,Tottenham,Stoke,5,1,H,1,0,H,R East
18,9/12/2017,West Ham,Chelsea,1,0,H,1,0,H,A Taylor
18,10/12/2017,Liverpool,Everton,1,1,D,1,0,H,C Pawson
18,10/12/2017,Man United,Man City,1,2,A,1,1,D,M Oliver
18,10/12/2017,Southampton,Arsenal,1,1,D,1,0,H,R Madley
18,12/12/2017,Burnley,Stoke,1,0,H,0,0,D,M Jones
18,12/12/2017,Crystal Palace,Watford,2,1,H,0,1,A,L Mason
18,12/12/2017,Huddersfield,Chelsea,1,3,A,0,2,A,A Marriner
18,13/12/17,Liverpool,West Brom,0,0,D,0,0,D,P Tierney
18,13/12/17,Man United,Bournemouth,1,0,H,1,0,H,G Scott
18,13/12/17,Newcastle,Everton,0,1,A,0,1,A,M Atkinson
18,13/12/17,Southampton,Leicester,1,4,A,0,3,A,C Kavanagh
18,13/12/17,Swansea,Man City,0,4,A,0,2,A,A Taylor
18,13/12/17,Tottenham,Brighton,2,0,H,1,0,H,R Madley
18,13/12/17,West Ham,Arsenal,0,0,D,0,0,D,J Moss
18,16/12/17,Arsenal,Newcastle,1,0,H,1,0,H,S Attwell
18,16/12/17,Brighton,Burnley,0,0,D,0,0,D,C Kavanagh
18,16/12/17,Chelsea,Southampton,1,0,H,1,0,H,R East
18,16/12/17,Leicester,Crystal Palace,0,3,A,0,2,A,M Atkinson
18,16/12/17,Man City,Tottenham,4,1,H,1,0,H,C Pawson
18,16/12/17,Stoke,West Ham,0,3,A,0,1,A,G Scott
18,16/12/17,Watford,Huddersfield,1,4,A,0,2,A,M Oliver
18,17/12/17,Bournemouth,Liverpool,0,4,A,0,3,A,A Marriner
18,17/12/17,West Brom,Man United,1,2,A,0,2,A,A Taylor
18,18/12/17,Everton,Swansea,3,1,H,1,1,D,J Moss
18,22/12/17,Arsenal,Liverpool,3,3,D,0,1,A,M Atkinson
18,23/12/17,Brighton,Watford,1,0,H,0,0,D,P Tierney
18,23/12/17,Burnley,Tottenham,0,3,A,0,1,A,M Oliver
18,23/12/17,Everton,Chelsea,0,0,D,0,0,D,R Madley
18,23/12/17,Leicester,Man United,2,2,D,1,1,D,J Moss
18,23/12/17,Man City,Bournemouth,4,0,H,1,0,H,M Jones
18,23/12/17,Southampton,Huddersfield,1,1,D,1,0,H,L Probert
18,23/12/17,Stoke,West Brom,3,1,H,2,0,H,N Swarbrick
18,23/12/17,Swansea,Crystal Palace,1,1,D,0,0,D,C Pawson
18,23/12/17,West Ham,Newcastle,2,3,A,1,1,D,L Mason
18,26/12/17,Bournemouth,West Ham,3,3,D,1,1,D,S Attwell
18,26/12/17,Chelsea,Brighton,2,0,H,0,0,D,M Dean
18,26/12/17,Huddersfield,Stoke,1,1,D,1,0,H,A Taylor
18,26/12/17,Liverpool,Swansea,5,0,H,1,0,H,K Friend
18,26/12/17,Man United,Burnley,2,2,D,0,2,A,M Atkinson
18,26/12/17,Tottenham,Southampton,5,2,H,2,0,H,G Scott
18,26/12/17,Watford,Leicester,2,1,H,1,1,D,C Kavanagh
18,26/12/17,West Brom,Everton,0,0,D,0,0,D,R East
18,27/12/17,Newcastle,Man City,0,1,A,0,1,A,A Marriner
18,28/12/17,Crystal Palace,Arsenal,2,3,A,0,1,A,M Oliver
18,30/12/17,Bournemouth,Everton,2,1,H,1,0,H,L Probert
18,30/12/17,Chelsea,Stoke,5,0,H,3,0,H,K Friend
18,30/12/17,Huddersfield,Burnley,0,0,D,0,0,D,P Tierney
18,30/12/17,Liverpool,Leicester,2,1,H,0,1,A,N Swarbrick
18,30/12/17,Man United,Southampton,0,0,D,0,0,D,C Pawson
18,30/12/17,Newcastle,Brighton,0,0,D,0,0,D,A Taylor
18,30/12/17,Watford,Swansea,1,2,A,1,0,H,M Atkinson
18,31/12/17,Crystal Palace,Man City,0,0,D,0,0,D,J Moss
18,31/12/17,West Brom,Arsenal,1,1,D,0,0,D,M Dean
18,1/1/2018,Brighton,Bournemouth,2,2,D,1,1,D,M Oliver
18,1/1/2018,Burnley,Liverpool,1,2,A,0,0,D,R East
18,1/1/2018,Everton,Man United,0,2,A,0,0,D,A Marriner
18,1/1/2018,Leicester,Huddersfield,3,0,H,0,0,D,G Scott
18,1/1/2018,Stoke,Newcastle,0,1,A,0,0,D,C Kavanagh
18,2/1/2018,Man City,Watford,3,1,H,2,0,H,L Mason
18,2/1/2018,Southampton,Crystal Palace,1,2,A,1,0,H,S Attwell
18,2/1/2018,Swansea,Tottenham,0,2,A,0,1,A,R Madley
18,2/1/2018,West Ham,West Brom,2,1,H,0,1,A,M Jones
18,3/1/2018,Arsenal,Chelsea,2,2,D,0,0,D,A Taylor
18,4/1/2018,Tottenham,West Ham,1,1,D,0,0,D,M Dean
18,13/01/18,Chelsea,Leicester,0,0,D,0,0,D,M Jones
18,13/01/18,Crystal Palace,Burnley,1,0,H,1,0,H,M Oliver
18,13/01/18,Huddersfield,West Ham,1,4,A,1,1,D,J Moss
18,13/01/18,Newcastle,Swansea,1,1,D,0,0,D,G Scott
18,13/01/18,Tottenham,Everton,4,0,H,1,0,H,C Pawson
18,13/01/18,Watford,Southampton,2,2,D,0,2,A,R East
18,13/01/18,West Brom,Brighton,2,0,H,1,0,H,M Atkinson
18,14/01/18,Bournemouth,Arsenal,2,1,H,0,0,D,K Friend
18,14/01/18,Liverpool,Man City,4,3,H,1,1,D,A Marriner
18,15/01/18,Man United,Stoke,3,0,H,2,0,H,A Taylor
18,20/01/18,Arsenal,Crystal Palace,4,1,H,4,0,H,C Kavanagh
18,20/01/18,Brighton,Chelsea,0,4,A,0,2,A,J Moss
18,20/01/18,Burnley,Man United,0,1,A,0,0,D,M Dean
18,20/01/18,Everton,West Brom,1,1,D,0,1,A,S Attwell
18,20/01/18,Leicester,Watford,2,0,H,1,0,H,L Probert
18,20/01/18,Man City,Newcastle,3,1,H,1,0,H,P Tierney
18,20/01/18,Stoke,Huddersfield,2,0,H,0,0,D,M Oliver
18,20/01/18,West Ham,Bournemouth,1,1,D,0,0,D,M Atkinson
18,21/01/18,Southampton,Tottenham,1,1,D,1,1,D,K Friend
18,22/01/18,Swansea,Liverpool,1,0,H,1,0,H,N Swarbrick
18,30/01/18,Huddersfield,Liverpool,0,3,A,0,2,A,K Friend
18,30/01/18,Swansea,Arsenal,3,1,H,1,1,D,L Mason
18,30/01/18,West Ham,Crystal Palace,1,1,D,1,1,D,N Swarbrick
18,31/01/18,Chelsea,Bournemouth,0,3,A,0,0,D,L Probert
18,31/01/18,Everton,Leicester,2,1,H,2,0,H,C Kavanagh
18,31/01/18,Man City,West Brom,3,0,H,1,0,H,R Madley
18,31/01/18,Newcastle,Burnley,1,1,D,0,0,D,S Hooper
18,31/01/18,Southampton,Brighton,1,1,D,0,1,A,M Dean
18,31/01/18,Stoke,Watford,0,0,D,0,0,D,J Moss
18,31/01/18,Tottenham,Man United,2,0,H,2,0,H,A Marriner
18,3/2/2018,Arsenal,Everton,5,1,H,4,0,H,N Swarbrick
18,3/2/2018,Bournemouth,Stoke,2,1,H,0,1,A,P Tierney
18,3/2/2018,Brighton,West Ham,3,1,H,1,1,D,R East
18,3/2/2018,Burnley,Man City,1,1,D,0,1,A,M Atkinson
18,3/2/2018,Leicester,Swansea,1,1,D,1,0,H,A Taylor
18,3/2/2018,Man United,Huddersfield,2,0,H,0,0,D,S Attwell
18,3/2/2018,West Brom,Southampton,2,3,A,1,2,A,M Oliver
18,4/2/2018,Crystal Palace,Newcastle,1,1,D,0,1,A,A Marriner
18,4/2/2018,Liverpool,Tottenham,2,2,D,1,0,H,J Moss
18,5/2/2018,Watford,Chelsea,4,1,H,1,0,H,M Dean
18,10/2/2018,Everton,Crystal Palace,3,1,H,0,0,D,J Moss
18,10/2/2018,Man City,Leicester,5,1,H,1,1,D,M Jones
18,10/2/2018,Stoke,Brighton,1,1,D,0,1,A,R Madley
18,10/2/2018,Swansea,Burnley,1,0,H,0,0,D,A Marriner
18,10/2/2018,Tottenham,Arsenal,1,0,H,0,0,D,A Taylor
18,10/2/2018,West Ham,Watford,2,0,H,1,0,H,G Scott
18,11/2/2018,Huddersfield,Bournemouth,4,1,H,2,1,H,M Oliver
18,11/2/2018,Newcastle,Man United,1,0,H,0,0,D,C Pawson
18,11/2/2018,Southampton,Liverpool,0,2,A,0,2,A,M Atkinson
18,12/2/2018,Chelsea,West Brom,3,0,H,1,0,H,L Mason
18,24/02/18,Bournemouth,Newcastle,2,2,D,0,2,A,R East
18,24/02/18,Brighton,Swansea,4,1,H,1,0,H,M Dean
18,24/02/18,Burnley,Southampton,1,1,D,0,0,D,R Madley
18,24/02/18,Leicester,Stoke,1,1,D,0,1,A,M Oliver
18,24/02/18,Liverpool,West Ham,4,1,H,1,0,H,S Attwell
18,24/02/18,Watford,Everton,1,0,H,0,0,D,A Taylor
18,24/02/18,West Brom,Huddersfield,1,2,A,0,0,D,J Moss
18,25/02/18,Crystal Palace,Tottenham,0,1,A,0,0,D,K Friend
18,25/02/18,Man United,Chelsea,2,1,H,1,1,D,M Atkinson
18,1/3/2018,Arsenal,Man City,0,3,A,0,3,A,A Marriner
18,3/3/2018,Burnley,Everton,2,1,H,0,1,A,C Kavanagh
18,3/3/2018,Leicester,Bournemouth,1,1,D,0,1,A,L Probert
18,3/3/2018,Liverpool,Newcastle,2,0,H,1,0,H,G Scott
18,3/3/2018,Southampton,Stoke,0,0,D,0,0,D,A Taylor
18,3/3/2018,Swansea,West Ham,4,1,H,2,0,H,M Atkinson
18,3/3/2018,Tottenham,Huddersfield,2,0,H,1,0,H,K Friend
18,3/3/2018,Watford,West Brom,1,0,H,0,0,D,P Tierney
18,4/3/2018,Brighton,Arsenal,2,1,H,2,1,H,S Attwell
18,4/3/2018,Man City,Chelsea,1,0,H,0,0,D,M Oliver
18,5/3/2018,Crystal Palace,Man United,2,3,A,1,0,H,N Swarbrick
18,10/3/2018,Chelsea,Crystal Palace,2,1,H,2,0,H,A Taylor
18,10/3/2018,Everton,Brighton,2,0,H,0,0,D,R East
18,10/3/2018,Huddersfield,Swansea,0,0,D,0,0,D,M Oliver
18,10/3/2018,Man United,Liverpool,2,1,H,2,0,H,C Pawson
18,10/3/2018,Newcastle,Southampton,3,0,H,2,0,H,A Marriner
18,10/3/2018,West Brom,Leicester,1,4,A,1,1,D,R Madley
18,10/3/2018,West Ham,Burnley,0,3,A,0,0,D,L Mason
18,11/3/2018,Arsenal,Watford,3,0,H,1,0,H,M Atkinson
18,11/3/2018,Bournemouth,Tottenham,1,4,A,1,1,D,M Dean
18,12/3/2018,Stoke,Man City,0,2,A,0,1,A,J Moss
18,17/03/18,Bournemouth,West Brom,2,1,H,0,0,D,G Scott
18,17/03/18,Huddersfield,Crystal Palace,0,2,A,0,1,A,M Dean
18,17/03/18,Liverpool,Watford,5,0,H,2,0,H,A Taylor
18,17/03/18,Stoke,Everton,1,2,A,0,0,D,M Atkinson
18,31/03/18,Brighton,Leicester,0,2,A,0,0,D,C Kavanagh
18,31/03/18,Crystal Palace,Liverpool,1,2,A,1,0,H,N Swarbrick
18,31/03/18,Everton,Man City,1,3,A,0,3,A,P Tierney
18,31/03/18,Man United,Swansea,2,0,H,2,0,H,R Madley
18,31/03/18,Newcastle,Huddersfield,1,0,H,0,0,D,M Atkinson
18,31/03/18,Watford,Bournemouth,2,2,D,1,1,D,A Marriner
18,31/03/18,West Brom,Burnley,1,2,A,0,1,A,L Probert
18,31/03/18,West Ham,Southampton,3,0,H,3,0,H,J Moss
18,1/4/2018,Arsenal,Stoke,3,0,H,0,0,D,C Pawson
18,1/4/2018,Chelsea,Tottenham,1,3,A,1,1,D,A Marriner
18,7/4/2018,Bournemouth,Crystal Palace,2,2,D,0,0,D,J Moss
18,7/4/2018,Brighton,Huddersfield,1,1,D,1,1,D,A Taylor
18,7/4/2018,Everton,Liverpool,0,0,D,0,0,D,M Oliver
18,7/4/2018,Leicester,Newcastle,1,2,A,0,1,A,S Attwell
18,7/4/2018,Man City,Man United,2,3,A,2,0,H,M Atkinson
18,7/4/2018,Stoke,Tottenham,1,2,A,0,0,D,G Scott
18,7/4/2018,Watford,Burnley,1,2,A,0,0,D,P Tierney
18,7/4/2018,West Brom,Swansea,1,1,D,0,0,D,R East
18,8/4/2018,Arsenal,Southampton,3,2,H,2,1,H,A Marriner
18,8/4/2018,Chelsea,West Ham,1,1,D,1,0,H,K Friend
18,14/04/18,Burnley,Leicester,2,1,H,2,0,H,M Atkinson
18,14/04/18,Crystal Palace,Brighton,3,2,H,3,2,H,A Marriner
18,14/04/18,Huddersfield,Watford,1,0,H,0,0,D,C Pawson
18,14/04/18,Liverpool,Bournemouth,3,0,H,1,0,H,C Kavanagh
18,14/04/18,Southampton,Chelsea,2,3,A,1,0,H,M Dean
18,14/04/18,Swansea,Everton,1,1,D,0,1,A,L Mason
18,14/04/18,Tottenham,Man City,1,3,A,1,2,A,J Moss
18,15/04/18,Man United,West Brom,0,1,A,0,0,D,P Tierney
18,15/04/18,Newcastle,Arsenal,2,1,H,1,1,D,A Taylor
18,16/04/18,West Ham,Stoke,1,1,D,0,0,D,M Oliver
18,17/04/18,Brighton,Tottenham,1,1,D,0,0,D,K Friend
18,18/04/18,Bournemouth,Man United,0,2,A,0,1,A,G Scott
18,19/04/18,Burnley,Chelsea,1,2,A,0,1,A,R Madley
18,19/04/18,Leicester,Southampton,0,0,D,0,0,D,R East
18,21/04/18,Watford,Crystal Palace,0,0,D,0,0,D,C Kavanagh
18,21/04/18,West Brom,Liverpool,2,2,D,0,1,A,S Attwell
18,22/04/18,Arsenal,West Ham,4,1,H,0,0,D,L Mason
18,22/04/18,Man City,Swansea,5,0,H,2,0,H,C Pawson
18,22/04/18,Stoke,Burnley,1,1,D,1,0,H,M Dean
18,23/04/18,Everton,Newcastle,1,0,H,0,0,D,R Madley
18,28/04/18,Burnley,Brighton,0,0,D,0,0,D,R East
18,28/04/18,Crystal Palace,Leicester,5,0,H,2,0,H,M Dean
18,28/04/18,Huddersfield,Everton,0,2,A,0,1,A,L Probert
18,28/04/18,Liverpool,Stoke,0,0,D,0,0,D,A Marriner
18,28/04/18,Newcastle,West Brom,0,1,A,0,1,A,D Coote
18,28/04/18,Southampton,Bournemouth,2,1,H,1,1,D,A Taylor
18,28/04/18,Swansea,Chelsea,0,1,A,0,1,A,J Moss
18,29/04/18,Man United,Arsenal,2,1,H,1,0,H,K Friend
18,29/04/18,West Ham,Man City,1,4,A,1,2,A,N Swarbrick
18,30/04/18,Tottenham,Watford,2,0,H,1,0,H,M Oliver
18,4/5/2018,Brighton,Man United,1,0,H,0,0,D,C Pawson
18,5/5/2018,Bournemouth,Swansea,1,0,H,1,0,H,K Friend
18,5/5/2018,Everton,Southampton,1,1,D,0,0,D,J Moss
18,5/5/2018,Leicester,West Ham,0,2,A,0,1,A,C Kavanagh
18,5/5/2018,Stoke,Crystal Palace,1,2,A,1,0,H,M Atkinson
18,5/5/2018,Watford,Newcastle,2,1,H,2,0,H,R East
18,5/5/2018,West Brom,Tottenham,1,0,H,0,0,D,M Jones
18,6/5/2018,Arsenal,Burnley,5,0,H,2,0,H,A Marriner
18,6/5/2018,Chelsea,Liverpool,1,0,H,1,0,H,A Taylor
18,6/5/2018,Man City,Huddersfield,0,0,D,0,0,D,M Dean
18,8/5/2018,Swansea,Southampton,0,1,A,0,0,D,M Oliver
18,9/5/2018,Chelsea,Huddersfield,1,1,D,0,0,D,L Mason
18,9/5/2018,Leicester,Arsenal,3,1,H,1,0,H,G Scott
18,9/5/2018,Man City,Brighton,3,1,H,2,1,H,P Tierney
18,9/5/2018,Tottenham,Newcastle,1,0,H,0,0,D,N Swarbrick
18,10/5/2018,West Ham,Man United,0,0,D,0,0,D,J Moss
18,13/05/18,Burnley,Bournemouth,1,2,A,1,0,H,P Tierney
18,13/05/18,Crystal Palace,West Brom,2,0,H,0,0,D,J Moss
18,13/05/18,Huddersfield,Arsenal,0,1,A,0,1,A,M Oliver
18,13/05/18,Liverpool,Brighton,4,0,H,2,0,H,K Friend
18,13/05/18,Man United,Watford,1,0,H,1,0,H,L Mason
18,13/05/18,Newcastle,Chelsea,3,0,H,1,0,H,M Atkinson
18,13/05/18,Southampton,Man City,0,1,A,0,0,D,A Marriner
18,13/05/18,Swansea,Stoke,1,2,A,1,2,A,A Taylor
18,13/05/18,Tottenham,Leicester,5,4,H,1,2,A,C Pawson
18,13/05/18,West Ham,Everton,3,1,H,1,0,H,G Scott
17,13/08/16,Burnley,Swansea,0,1,A,0,0,D,J Moss
17,13/08/16,Crystal Palace,West Brom,0,1,A,0,0,D,C Pawson
17,13/08/16,Everton,Tottenham,1,1,D,1,0,H,M Atkinson
17,13/08/16,Hull,Leicester,2,1,H,1,0,H,M Dean
17,13/08/16,Man City,Sunderland,2,1,H,1,0,H,R Madley
17,13/08/16,Middlesbrough,Stoke,1,1,D,1,0,H,K Friend
17,13/08/16,Southampton,Watford,1,1,D,0,1,A,R East
17,14/08/16,Arsenal,Liverpool,3,4,A,1,1,D,M Oliver
17,14/08/16,Bournemouth,Man United,1,3,A,0,1,A,A Marriner
17,15/08/16,Chelsea,West Ham,2,1,H,0,0,D,A Taylor
17,19/08/16,Man United,Southampton,2,0,H,1,0,H,A Taylor
17,20/08/16,Burnley,Liverpool,2,0,H,2,0,H,L Mason
17,20/08/16,Leicester,Arsenal,0,0,D,0,0,D,M Clattenburg
17,20/08/16,Stoke,Man City,1,4,A,0,2,A,M Dean
17,20/08/16,Swansea,Hull,0,2,A,0,0,D,S Attwell
17,20/08/16,Tottenham,Crystal Palace,1,0,H,0,0,D,M Oliver
17,20/08/16,Watford,Chelsea,1,2,A,0,0,D,J Moss
17,20/08/16,West Brom,Everton,1,2,A,1,1,D,N Swarbrick
17,21/08/16,Sunderland,Middlesbrough,1,2,A,0,2,A,M Atkinson
17,21/08/16,West Ham,Bournemouth,1,0,H,0,0,D,C Pawson
17,27/08/16,Chelsea,Burnley,3,0,H,2,0,H,M Clattenburg
17,27/08/16,Crystal Palace,Bournemouth,1,1,D,0,1,A,M Dean
17,27/08/16,Everton,Stoke,1,0,H,0,0,D,M Oliver
17,27/08/16,Hull,Man United,0,1,A,0,0,D,J Moss
17,27/08/16,Leicester,Swansea,2,1,H,1,0,H,R East
17,27/08/16,Southampton,Sunderland,1,1,D,0,0,D,L Mason
17,27/08/16,Tottenham,Liverpool,1,1,D,0,1,A,R Madley
17,27/08/16,Watford,Arsenal,1,3,A,0,3,A,K Friend
17,28/08/16,Man City,West Ham,3,1,H,2,0,H,A Marriner
17,28/08/16,West Brom,Middlesbrough,0,0,D,0,0,D,A Taylor
17,10/9/2016,Arsenal,Southampton,2,1,H,1,1,D,R Madley
17,10/9/2016,Bournemouth,West Brom,1,0,H,0,0,D,K Friend
17,10/9/2016,Burnley,Hull,1,1,D,0,0,D,P Tierney
17,10/9/2016,Liverpool,Leicester,4,1,H,2,1,H,C Pawson
17,10/9/2016,Man United,Man City,1,2,A,1,2,A,M Clattenburg
17,10/9/2016,Middlesbrough,Crystal Palace,1,2,A,1,1,D,N Swarbrick
17,10/9/2016,Stoke,Tottenham,0,4,A,0,1,A,A Taylor
17,10/9/2016,West Ham,Watford,2,4,A,2,2,D,M Atkinson
17,11/9/2016,Swansea,Chelsea,2,2,D,0,1,A,A Marriner
17,12/9/2016,Sunderland,Everton,0,3,A,0,0,D,M Jones
17,16/09/16,Chelsea,Liverpool,1,2,A,0,2,A,M Atkinson
17,17/09/16,Everton,Middlesbrough,3,1,H,3,1,H,L Mason
17,17/09/16,Hull,Arsenal,1,4,A,0,1,A,R East
17,17/09/16,Leicester,Burnley,3,0,H,1,0,H,A Taylor
17,17/09/16,Man City,Bournemouth,4,0,H,2,0,H,J Moss
17,17/09/16,West Brom,West Ham,4,2,H,3,0,H,M Clattenburg
17,18/09/16,Crystal Palace,Stoke,4,1,H,2,0,H,C Pawson
17,18/09/16,Southampton,Swansea,1,0,H,0,0,D,M Jones
17,18/09/16,Tottenham,Sunderland,1,0,H,0,0,D,M Dean
17,18/09/16,Watford,Man United,3,1,H,1,0,H,M Oliver
17,24/09/16,Arsenal,Chelsea,3,0,H,3,0,H,M Oliver
17,24/09/16,Bournemouth,Everton,1,0,H,1,0,H,R Madley
17,24/09/16,Liverpool,Hull,5,1,H,3,0,H,A Marriner
17,24/09/16,Man United,Leicester,4,1,H,4,0,H,M Dean
17,24/09/16,Middlesbrough,Tottenham,1,2,A,0,2,A,G Scott
17,24/09/16,Stoke,West Brom,1,1,D,0,0,D,M Atkinson
17,24/09/16,Sunderland,Crystal Palace,2,3,A,1,0,H,A Taylor
17,24/09/16,Swansea,Man City,1,3,A,1,1,D,N Swarbrick
17,25/09/16,West Ham,Southampton,0,3,A,0,1,A,J Moss
17,26/09/16,Burnley,Watford,2,0,H,1,0,H,M Jones
17,30/09/16,Everton,Crystal Palace,1,1,D,1,0,H,J Moss
17,1/10/2016,Hull,Chelsea,0,2,A,0,0,D,A Taylor
17,1/10/2016,Sunderland,West Brom,1,1,D,0,1,A,S Attwell
17,1/10/2016,Swansea,Liverpool,1,2,A,1,0,H,M Oliver
17,1/10/2016,Watford,Bournemouth,2,2,D,0,1,A,M Dean
17,1/10/2016,West Ham,Middlesbrough,1,1,D,0,0,D,N Swarbrick
17,2/10/2016,Burnley,Arsenal,0,1,A,0,0,D,C Pawson
17,2/10/2016,Leicester,Southampton,0,0,D,0,0,D,M Atkinson
17,2/10/2016,Man United,Stoke,1,1,D,0,0,D,R Madley
17,2/10/2016,Tottenham,Man City,2,0,H,2,0,H,A Marriner
17,15/10/16,Arsenal,Swansea,3,2,H,2,1,H,J Moss
17,15/10/16,Bournemouth,Hull,6,1,H,3,1,H,L Mason
17,15/10/16,Chelsea,Leicester,3,0,H,2,0,H,A Marriner
17,15/10/16,Crystal Palace,West Ham,0,1,A,0,1,A,M Atkinson
17,15/10/16,Man City,Everton,1,1,D,0,0,D,M Oliver
17,15/10/16,Stoke,Sunderland,2,0,H,2,0,H,M Jones
17,15/10/16,West Brom,Tottenham,1,1,D,0,0,D,K Friend
17,16/10/16,Middlesbrough,Watford,0,1,A,0,0,D,R East
17,16/10/16,Southampton,Burnley,3,1,H,0,0,D,M Dean
17,17/10/16,Liverpool,Man United,0,0,D,0,0,D,A Taylor
17,22/10/16,Arsenal,Middlesbrough,0,0,D,0,0,D,M Dean
17,22/10/16,Bournemouth,Tottenham,0,0,D,0,0,D,C Pawson
17,22/10/16,Burnley,Everton,2,1,H,1,0,H,M Jones
17,22/10/16,Hull,Stoke,0,2,A,0,1,A,K Friend
17,22/10/16,Leicester,Crystal Palace,3,1,H,1,0,H,M Oliver
17,22/10/16,Liverpool,West Brom,2,1,H,2,0,H,N Swarbrick
17,22/10/16,Swansea,Watford,0,0,D,0,0,D,P Tierney
17,22/10/16,West Ham,Sunderland,1,0,H,0,0,D,R Madley
17,23/10/16,Chelsea,Man United,4,0,H,2,0,H,M Atkinson
17,23/10/16,Man City,Southampton,1,1,D,0,1,A,M Clattenburg
17,29/10/16,Crystal Palace,Liverpool,2,4,A,2,3,A,A Marriner
17,29/10/16,Man United,Burnley,0,0,D,0,0,D,M Clattenburg
17,29/10/16,Middlesbrough,Bournemouth,2,0,H,1,0,H,S Attwell
17,29/10/16,Sunderland,Arsenal,1,4,A,0,1,A,M Atkinson
17,29/10/16,Tottenham,Leicester,1,1,D,1,0,H,R Madley
17,29/10/16,Watford,Hull,1,0,H,0,0,D,J Moss
17,29/10/16,West Brom,Man City,0,4,A,0,2,A,L Mason
17,30/10/16,Everton,West Ham,2,0,H,0,0,D,A Taylor
17,30/10/16,Southampton,Chelsea,0,2,A,0,1,A,M Jones
17,31/10/16,Stoke,Swansea,3,1,H,1,1,D,M Oliver
17,5/11/2016,Bournemouth,Sunderland,1,2,A,1,1,D,M Dean
17,5/11/2016,Burnley,Crystal Palace,3,2,H,2,0,H,A Taylor
17,5/11/2016,Chelsea,Everton,5,0,H,3,0,H,R Madley
17,5/11/2016,Man City,Middlesbrough,1,1,D,1,0,H,K Friend
17,5/11/2016,West Ham,Stoke,1,1,D,0,0,D,A Marriner
17,6/11/2016,Arsenal,Tottenham,1,1,D,1,0,H,M Clattenburg
17,6/11/2016,Hull,Southampton,2,1,H,0,1,A,G Scott
17,6/11/2016,Leicester,West Brom,1,2,A,0,0,D,C Pawson
17,6/11/2016,Liverpool,Watford,6,1,H,3,0,H,M Oliver
17,6/11/2016,Swansea,Man United,1,3,A,0,3,A,N Swarbrick
17,19/11/16,Crystal Palace,Man City,1,2,A,0,1,A,R Madley
17,19/11/16,Everton,Swansea,1,1,D,0,1,A,M Atkinson
17,19/11/16,Man United,Arsenal,1,1,D,0,0,D,A Marriner
17,19/11/16,Southampton,Liverpool,0,0,D,0,0,D,M Clattenburg
17,19/11/16,Stoke,Bournemouth,0,1,A,0,1,A,R East
17,19/11/16,Sunderland,Hull,3,0,H,1,0,H,L Mason
17,19/11/16,Tottenham,West Ham,3,2,H,0,1,A,M Dean
17,19/11/16,Watford,Leicester,2,1,H,2,1,H,N Swarbrick
17,20/11/16,Middlesbrough,Chelsea,0,1,A,0,1,A,J Moss
17,21/11/16,West Brom,Burnley,4,0,H,3,0,H,M Jones
17,26/11/16,Burnley,Man City,1,2,A,1,1,D,A Marriner
17,26/11/16,Chelsea,Tottenham,2,1,H,1,1,D,M Oliver
17,26/11/16,Hull,West Brom,1,1,D,0,1,A,P Tierney
17,26/11/16,Leicester,Middlesbrough,2,2,D,1,1,D,L Mason
17,26/11/16,Liverpool,Sunderland,2,0,H,0,0,D,A Taylor
17,26/11/16,Swansea,Crystal Palace,5,4,H,1,1,D,K Friend
17,27/11/16,Arsenal,Bournemouth,3,1,H,1,1,D,M Jones
17,27/11/16,Man United,West Ham,1,1,D,1,1,D,J Moss
17,27/11/16,Southampton,Everton,1,0,H,1,0,H,C Pawson
17,27/11/16,Watford,Stoke,0,1,A,0,1,A,R Madley
17,3/12/2016,Crystal Palace,Southampton,3,0,H,2,0,H,N Swarbrick
17,3/12/2016,Man City,Chelsea,1,3,A,1,0,H,A Taylor
17,3/12/2016,Stoke,Burnley,2,0,H,2,0,H,M Clattenburg
17,3/12/2016,Sunderland,Leicester,2,1,H,0,0,D,A Marriner
17,3/12/2016,Tottenham,Swansea,5,0,H,2,0,H,J Moss
17,3/12/2016,West Brom,Watford,3,1,H,2,0,H,G Scott
17,3/12/2016,West Ham,Arsenal,1,5,A,0,1,A,C Pawson
17,4/12/2016,Bournemouth,Liverpool,4,3,H,0,2,A,R Madley
17,4/12/2016,Everton,Man United,1,1,D,0,1,A,M Oliver
17,5/12/2016,Middlesbrough,Hull,1,0,H,0,0,D,M Dean
17,10/12/2016,Arsenal,Stoke,3,1,H,1,1,D,L Mason
17,10/12/2016,Burnley,Bournemouth,3,2,H,2,1,H,M Atkinson
17,10/12/2016,Hull,Crystal Palace,3,3,D,1,0,H,M Jones
17,10/12/2016,Leicester,Man City,4,2,H,3,0,H,M Oliver
17,10/12/2016,Swansea,Sunderland,3,0,H,0,0,D,C Pawson
17,10/12/2016,Watford,Everton,3,2,H,1,1,D,A Taylor
17,11/12/2016,Chelsea,West Brom,1,0,H,0,0,D,M Dean
17,11/12/2016,Liverpool,West Ham,2,2,D,1,2,A,M Clattenburg
17,11/12/2016,Man United,Tottenham,1,0,H,1,0,H,R Madley
17,11/12/2016,Southampton,Middlesbrough,1,0,H,0,0,D,S Attwell
17,13/12/16,Bournemouth,Leicester,1,0,H,1,0,H,P Tierney
17,13/12/16,Everton,Arsenal,2,1,H,1,1,D,M Clattenburg
17,14/12/16,Crystal Palace,Man United,1,2,A,0,1,A,C Pawson
17,14/12/16,Man City,Watford,2,0,H,1,0,H,K Friend
17,14/12/16,Middlesbrough,Liverpool,0,3,A,0,1,A,J Moss
17,14/12/16,Stoke,Southampton,0,0,D,0,0,D,A Taylor
17,14/12/16,Sunderland,Chelsea,0,1,A,0,1,A,N Swarbrick
17,14/12/16,Tottenham,Hull,3,0,H,1,0,H,A Marriner
17,14/12/16,West Brom,Swansea,3,1,H,0,0,D,M Oliver
17,14/12/16,West Ham,Burnley,1,0,H,1,0,H,R Madley
17,17/12/16,Crystal Palace,Chelsea,0,1,A,0,1,A,J Moss
17,17/12/16,Middlesbrough,Swansea,3,0,H,2,0,H,N Swarbrick
17,17/12/16,Stoke,Leicester,2,2,D,2,0,H,C Pawson
17,17/12/16,Sunderland,Watford,1,0,H,0,0,D,R Madley
17,17/12/16,West Brom,Man United,0,2,A,0,1,A,A Taylor
17,17/12/16,West Ham,Hull,1,0,H,0,0,D,L Mason
17,18/12/16,Bournemouth,Southampton,1,3,A,1,1,D,M Clattenburg
17,18/12/16,Man City,Arsenal,2,1,H,0,1,A,M Atkinson
17,18/12/16,Tottenham,Burnley,2,1,H,1,1,D,K Friend
17,19/12/16,Everton,Liverpool,0,1,A,0,0,D,M Dean
17,26/12/16,Arsenal,West Brom,1,0,H,0,0,D,N Swarbrick
17,26/12/16,Burnley,Middlesbrough,1,0,H,0,0,D,C Pawson
17,26/12/16,Chelsea,Bournemouth,3,0,H,1,0,H,M Jones
17,26/12/16,Hull,Man City,0,3,A,0,0,D,R Madley
17,26/12/16,Leicester,Everton,0,2,A,0,0,D,S Attwell
17,26/12/16,Man United,Sunderland,3,1,H,1,0,H,M Atkinson
17,26/12/16,Swansea,West Ham,1,4,A,0,1,A,A Marriner
17,26/12/16,Watford,Crystal Palace,1,1,D,0,1,A,M Clattenburg
17,27/12/16,Liverpool,Stoke,4,1,H,2,1,H,M Oliver
17,28/12/16,Southampton,Tottenham,1,4,A,1,1,D,M Dean
17,30/12/16,Hull,Everton,2,2,D,1,1,D,J Moss
17,31/12/16,Burnley,Sunderland,4,1,H,1,0,H,G Scott
17,31/12/16,Chelsea,Stoke,4,2,H,1,0,H,R Madley
17,31/12/16,Leicester,West Ham,1,0,H,1,0,H,A Taylor
17,31/12/16,Liverpool,Man City,1,0,H,1,0,H,C Pawson
17,31/12/16,Man United,Middlesbrough,2,1,H,0,0,D,L Mason
17,31/12/16,Southampton,West Brom,1,2,A,1,1,D,M Jones
17,31/12/16,Swansea,Bournemouth,0,3,A,0,2,A,K Friend
17,1/1/2017,Arsenal,Crystal Palace,2,0,H,1,0,H,A Marriner
17,1/1/2017,Watford,Tottenham,1,4,A,0,3,A,M Oliver
17,2/1/2017,Everton,Southampton,3,0,H,0,0,D,K Friend
17,2/1/2017,Man City,Burnley,2,1,H,0,0,D,L Mason
17,2/1/2017,Middlesbrough,Leicester,0,0,D,0,0,D,R Madley
17,2/1/2017,Sunderland,Liverpool,2,2,D,1,1,D,A Taylor
17,2/1/2017,West Brom,Hull,3,1,H,0,1,A,M Clattenburg
17,2/1/2017,West Ham,Man United,0,2,A,0,0,D,M Dean
17,3/1/2017,Bournemouth,Arsenal,3,3,D,2,0,H,M Oliver
17,3/1/2017,Crystal Palace,Swansea,1,2,A,0,1,A,P Tierney
17,3/1/2017,Stoke,Watford,2,0,H,1,0,H,N Swarbrick
17,4/1/2017,Tottenham,Chelsea,2,0,H,1,0,H,M Atkinson
17,14/01/17,Burnley,Southampton,1,0,H,0,0,D,P Tierney
17,14/01/17,Hull,Bournemouth,3,1,H,1,1,D,M Atkinson
17,14/01/17,Leicester,Chelsea,0,3,A,0,1,A,A Marriner
17,14/01/17,Sunderland,Stoke,1,3,A,1,3,A,M Dean
17,14/01/17,Swansea,Arsenal,0,4,A,0,1,A,M Jones
17,14/01/17,Tottenham,West Brom,4,0,H,2,0,H,A Taylor
17,14/01/17,Watford,Middlesbrough,0,0,D,0,0,D,J Moss
17,14/01/17,West Ham,Crystal Palace,3,0,H,0,0,D,N Swarbrick
17,15/01/17,Everton,Man City,4,0,H,1,0,H,M Clattenburg
17,15/01/17,Man United,Liverpool,1,1,D,0,1,A,M Oliver
17,21/01/17,Bournemouth,Watford,2,2,D,0,1,A,L Mason
17,21/01/17,Crystal Palace,Everton,0,1,A,0,0,D,A Taylor
17,21/01/17,Liverpool,Swansea,2,3,A,0,0,D,K Friend
17,21/01/17,Man City,Tottenham,2,2,D,0,0,D,A Marriner
17,21/01/17,Middlesbrough,West Ham,1,3,A,1,2,A,M Atkinson
17,21/01/17,Stoke,Man United,1,1,D,1,0,H,M Clattenburg
17,21/01/17,West Brom,Sunderland,2,0,H,2,0,H,C Pawson
17,22/01/17,Arsenal,Burnley,2,1,H,0,0,D,J Moss
17,22/01/17,Chelsea,Hull,2,0,H,1,0,H,N Swarbrick
17,22/01/17,Southampton,Leicester,3,0,H,2,0,H,M Oliver
17,31/01/17,Arsenal,Watford,1,2,A,0,2,A,A Marriner
17,31/01/17,Bournemouth,Crystal Palace,0,2,A,0,0,D,J Moss
17,31/01/17,Burnley,Leicester,1,0,H,0,0,D,M Dean
17,31/01/17,Liverpool,Chelsea,1,1,D,0,1,A,M Clattenburg
17,31/01/17,Middlesbrough,West Brom,1,1,D,1,1,D,S Attwell
17,31/01/17,Sunderland,Tottenham,0,0,D,0,0,D,L Mason
17,31/01/17,Swansea,Southampton,2,1,H,1,0,H,R East
17,1/2/2017,Man United,Hull,0,0,D,0,0,D,M Jones
17,1/2/2017,Stoke,Everton,1,1,D,1,1,D,C Pawson
17,1/2/2017,West Ham,Man City,0,4,A,0,3,A,K Friend
17,4/2/2017,Chelsea,Arsenal,3,1,H,1,0,H,M Atkinson
17,4/2/2017,Crystal Palace,Sunderland,0,4,A,0,4,A,A Marriner
17,4/2/2017,Everton,Bournemouth,6,3,H,3,0,H,M Jones
17,4/2/2017,Hull,Liverpool,2,0,H,1,0,H,L Mason
17,4/2/2017,Southampton,West Ham,1,3,A,1,2,A,G Scott
17,4/2/2017,Tottenham,Middlesbrough,1,0,H,0,0,D,M Clattenburg
17,4/2/2017,Watford,Burnley,2,1,H,2,0,H,M Oliver
17,4/2/2017,West Brom,Stoke,1,0,H,1,0,H,K Friend
17,5/2/2017,Leicester,Man United,0,3,A,0,2,A,A Taylor
17,5/2/2017,Man City,Swansea,2,1,H,1,0,H,M Dean
17,11/2/2017,Arsenal,Hull,2,0,H,1,0,H,M Clattenburg
17,11/2/2017,Liverpool,Tottenham,2,0,H,2,0,H,A Taylor
17,11/2/2017,Man United,Watford,2,0,H,1,0,H,R Madley
17,11/2/2017,Middlesbrough,Everton,0,0,D,0,0,D,M Dean
17,11/2/2017,Stoke,Crystal Palace,1,0,H,0,0,D,M Atkinson
17,11/2/2017,Sunderland,Southampton,0,4,A,0,2,A,P Tierney
17,11/2/2017,West Ham,West Brom,2,2,D,0,1,A,M Oliver
17,12/2/2017,Burnley,Chelsea,1,1,D,1,1,D,K Friend
17,12/2/2017,Swansea,Leicester,2,0,H,2,0,H,J Moss
17,13/02/17,Bournemouth,Man City,0,2,A,0,1,A,N Swarbrick
17,25/02/17,Chelsea,Swansea,3,1,H,1,1,D,N Swarbrick
17,25/02/17,Crystal Palace,Middlesbrough,1,0,H,1,0,H,R Madley
17,25/02/17,Everton,Sunderland,2,0,H,1,0,H,S Attwell
17,25/02/17,Hull,Burnley,1,1,D,0,0,D,M Atkinson
17,25/02/17,Watford,West Ham,1,1,D,1,0,H,C Pawson
17,25/02/17,West Brom,Bournemouth,2,1,H,2,1,H,M Clattenburg
17,26/02/17,Tottenham,Stoke,4,0,H,4,0,H,J Moss
17,27/02/17,Leicester,Liverpool,3,1,H,2,0,H,M Oliver
17,4/3/2017,Leicester,Hull,3,1,H,1,1,D,M Dean
17,4/3/2017,Liverpool,Arsenal,3,1,H,2,0,H,R Madley
17,4/3/2017,Man United,Bournemouth,1,1,D,1,1,D,K Friend
17,4/3/2017,Stoke,Middlesbrough,2,0,H,2,0,H,C Pawson
17,4/3/2017,Swansea,Burnley,3,2,H,1,1,D,A Taylor
17,4/3/2017,Watford,Southampton,3,4,A,1,2,A,J Moss
17,4/3/2017,West Brom,Crystal Palace,0,2,A,0,0,D,M Jones
17,5/3/2017,Sunderland,Man City,0,2,A,0,1,A,M Atkinson
17,5/3/2017,Tottenham,Everton,3,2,H,1,0,H,M Oliver
17,6/3/2017,West Ham,Chelsea,1,2,A,0,1,A,A Marriner
17,8/3/2017,Man City,Stoke,0,0,D,0,0,D,N Swarbrick
17,11/3/2017,Bournemouth,West Ham,3,2,H,1,1,D,R Madley
17,11/3/2017,Everton,West Brom,3,0,H,2,0,H,G Scott
17,11/3/2017,Hull,Swansea,2,1,H,0,0,D,A Marriner
17,12/3/2017,Liverpool,Burnley,2,1,H,1,1,D,C Pawson
17,18/03/17,Bournemouth,Swansea,2,0,H,1,0,H,M Dean
17,18/03/17,Crystal Palace,Watford,1,0,H,0,0,D,M Atkinson
17,18/03/17,Everton,Hull,4,0,H,1,0,H,P Tierney
17,18/03/17,Stoke,Chelsea,1,2,A,1,1,D,A Taylor
17,18/03/17,Sunderland,Burnley,0,0,D,0,0,D,R Madley
17,18/03/17,West Brom,Arsenal,3,1,H,1,1,D,N Swarbrick
17,18/03/17,West Ham,Leicester,2,3,A,1,3,A,R East
17,19/03/17,Man City,Liverpool,1,1,D,0,0,D,M Oliver
17,19/03/17,Middlesbrough,Man United,1,3,A,0,1,A,J Moss
17,19/03/17,Tottenham,Southampton,2,1,H,2,0,H,A Marriner
17,1/4/2017,Burnley,Tottenham,0,2,A,0,0,D,S Attwell
17,1/4/2017,Chelsea,Crystal Palace,1,2,A,1,2,A,C Pawson
17,1/4/2017,Hull,West Ham,2,1,H,0,1,A,M Jones
17,1/4/2017,Leicester,Stoke,2,0,H,1,0,H,L Mason
17,1/4/2017,Liverpool,Everton,3,1,H,2,1,H,A Taylor
17,1/4/2017,Man United,West Brom,0,0,D,0,0,D,M Dean
17,1/4/2017,Southampton,Bournemouth,0,0,D,0,0,D,J Moss
17,1/4/2017,Watford,Sunderland,1,0,H,0,0,D,L Probert
17,2/4/2017,Arsenal,Man City,2,2,D,1,2,A,A Marriner
17,2/4/2017,Swansea,Middlesbrough,0,0,D,0,0,D,R Madley
17,4/4/2017,Burnley,Stoke,1,0,H,0,0,D,K Friend
17,4/4/2017,Leicester,Sunderland,2,0,H,0,0,D,G Scott
17,4/4/2017,Man United,Everton,1,1,D,0,1,A,N Swarbrick
17,4/4/2017,Watford,West Brom,2,0,H,1,0,H,P Tierney
17,5/4/2017,Arsenal,West Ham,3,0,H,0,0,D,M Atkinson
17,5/4/2017,Chelsea,Man City,2,1,H,2,1,H,M Dean
17,5/4/2017,Hull,Middlesbrough,4,2,H,3,2,H,M Oliver
17,5/4/2017,Liverpool,Bournemouth,2,2,D,1,1,D,L Mason
17,5/4/2017,Southampton,Crystal Palace,3,1,H,1,1,D,R East
17,5/4/2017,Swansea,Tottenham,1,3,A,1,0,H,J Moss
17,8/4/2017,Bournemouth,Chelsea,1,3,A,1,2,A,A Marriner
17,8/4/2017,Man City,Hull,3,1,H,1,0,H,J Moss
17,8/4/2017,Middlesbrough,Burnley,0,0,D,0,0,D,M Atkinson
17,8/4/2017,Stoke,Liverpool,1,2,A,1,0,H,M Dean
17,8/4/2017,Tottenham,Watford,4,0,H,3,0,H,A Taylor
17,8/4/2017,West Brom,Southampton,0,1,A,0,1,A,C Kavanagh
17,8/4/2017,West Ham,Swansea,1,0,H,1,0,H,K Friend
17,9/4/2017,Everton,Leicester,4,2,H,3,2,H,R Madley
17,9/4/2017,Sunderland,Man United,0,3,A,0,1,A,C Pawson
17,10/4/2017,Crystal Palace,Arsenal,3,0,H,1,0,H,M Oliver
17,15/04/17,Crystal Palace,Leicester,2,2,D,0,1,A,M Dean
17,15/04/17,Everton,Burnley,3,1,H,0,0,D,M Clattenburg
17,15/04/17,Southampton,Man City,0,3,A,0,0,D,N Swarbrick
17,15/04/17,Stoke,Hull,3,1,H,1,0,H,S Attwell
17,15/04/17,Sunderland,West Ham,2,2,D,1,1,D,A Marriner
17,15/04/17,Tottenham,Bournemouth,4,0,H,2,0,H,M Oliver
17,15/04/17,Watford,Swansea,1,0,H,1,0,H,L Mason
17,16/04/17,Man United,Chelsea,2,0,H,1,0,H,R Madley
17,16/04/17,West Brom,Liverpool,0,1,A,0,1,A,J Moss
17,17/04/17,Middlesbrough,Arsenal,1,2,A,0,1,A,A Taylor
17,22/04/17,Bournemouth,Middlesbrough,4,0,H,2,0,H,G Scott
17,22/04/17,Hull,Watford,2,0,H,0,0,D,R Madley
17,22/04/17,Swansea,Stoke,2,0,H,1,0,H,M Oliver
17,22/04/17,West Ham,Everton,0,0,D,0,0,D,R East
17,23/04/17,Burnley,Man United,0,2,A,0,2,A,A Taylor
17,23/04/17,Liverpool,Crystal Palace,1,2,A,1,1,D,A Marriner
17,25/04/17,Chelsea,Southampton,4,2,H,2,1,H,L Mason
17,26/04/17,Arsenal,Leicester,1,0,H,0,0,D,M Jones
17,26/04/17,Crystal Palace,Tottenham,0,1,A,0,0,D,J Moss
17,26/04/17,Middlesbrough,Sunderland,1,0,H,1,0,H,M Dean
17,27/04/17,Man City,Man United,0,0,D,0,0,D,M Atkinson
17,29/04/17,Crystal Palace,Burnley,0,2,A,0,1,A,R Madley
17,29/04/17,Southampton,Hull,0,0,D,0,0,D,M Dean
17,29/04/17,Stoke,West Ham,0,0,D,0,0,D,L Probert
17,29/04/17,Sunderland,Bournemouth,0,1,A,0,0,D,S Attwell
17,29/04/17,West Brom,Leicester,0,1,A,0,1,A,M Clattenburg
17,30/04/17,Everton,Chelsea,0,3,A,0,0,D,J Moss
17,30/04/17,Man United,Swansea,1,1,D,1,0,H,N Swarbrick
17,30/04/17,Middlesbrough,Man City,2,2,D,1,0,H,K Friend
17,30/04/17,Tottenham,Arsenal,2,0,H,0,0,D,M Oliver
17,1/5/2017,Watford,Liverpool,0,1,A,0,1,A,C Pawson
17,5/5/2017,West Ham,Tottenham,1,0,H,0,0,D,A Taylor
17,6/5/2017,Bournemouth,Stoke,2,2,D,0,1,A,P Tierney
17,6/5/2017,Burnley,West Brom,2,2,D,0,0,D,M Jones
17,6/5/2017,Hull,Sunderland,0,2,A,0,0,D,N Swarbrick
17,6/5/2017,Leicester,Watford,3,0,H,1,0,H,R East
17,6/5/2017,Man City,Crystal Palace,5,0,H,1,0,H,M Oliver
17,6/5/2017,Swansea,Everton,1,0,H,1,0,H,M Atkinson
17,7/5/2017,Arsenal,Man United,2,0,H,0,0,D,A Marriner
17,7/5/2017,Liverpool,Southampton,0,0,D,0,0,D,R Madley
17,8/5/2017,Chelsea,Middlesbrough,3,0,H,2,0,H,C Pawson
17,10/5/2017,Southampton,Arsenal,0,2,A,0,0,D,J Moss
17,12/5/2017,Everton,Watford,1,0,H,0,0,D,K Friend
17,12/5/2017,West Brom,Chelsea,0,1,A,0,0,D,M Oliver
17,13/05/17,Bournemouth,Burnley,2,1,H,1,0,H,L Probert
17,13/05/17,Man City,Leicester,2,1,H,2,1,H,R Madley
17,13/05/17,Middlesbrough,Southampton,1,2,A,0,1,A,A Taylor
17,13/05/17,Stoke,Arsenal,1,4,A,0,1,A,M Dean
17,13/05/17,Sunderland,Swansea,0,2,A,0,2,A,A Marriner
17,14/05/17,Crystal Palace,Hull,4,0,H,2,0,H,M Atkinson
17,14/05/17,Tottenham,Man United,2,1,H,1,0,H,J Moss
17,14/05/17,West Ham,Liverpool,0,4,A,0,1,A,N Swarbrick
17,15/05/17,Chelsea,Watford,4,3,H,2,1,H,L Mason
17,16/05/17,Arsenal,Sunderland,2,0,H,0,0,D,R East
17,16/05/17,Man City,West Brom,3,1,H,2,0,H,C Pawson
17,17/05/17,Southampton,Man United,0,0,D,0,0,D,M Dean
17,18/05/17,Leicester,Tottenham,1,6,A,0,2,A,M Oliver
17,21/05/17,Arsenal,Everton,3,1,H,2,0,H,M Oliver
17,21/05/17,Burnley,West Ham,1,2,A,1,1,D,R Madley
17,21/05/17,Chelsea,Sunderland,5,1,H,1,1,D,N Swarbrick
17,21/05/17,Hull,Tottenham,1,7,A,0,3,A,A Marriner
17,21/05/17,Leicester,Bournemouth,1,1,D,0,1,A,l Mason
17,21/05/17,Liverpool,Middlesbrough,3,0,H,1,0,H,M Atkinson
17,21/05/17,Man United,Crystal Palace,2,0,H,2,0,H,A Taylor
17,21/05/17,Southampton,Stoke,0,1,A,0,0,D,L Probert
17,21/05/17,Swansea,West Brom,2,1,H,0,1,A,M Dean
17,21/05/17,Watford,Man City,0,5,A,0,4,A,J Moss
