Season,Date,HomeTeam,AwayTeam,FTHG,FTAG,FTR,HTHG,HTAG,HTR,Referee,HS,AS,HST,AST,HF,AF,HC,AC,HY,AY,HR,AR
18,11/8/2017,Arsenal,Leicester,4,3,H,2,2,D,M Dean,27,6,10,3,9,12,9,4,0,1,0,0
18,12/8/2017,Brighton,Man City,0,2,A,0,0,D,M Oliver,6,14,2,4,6,9,3,10,0,2,0,0
18,12/8/2017,Chelsea,Burnley,2,3,A,0,3,A,C Pawson,19,10,6,5,16,11,8,5,3,3,2,0
18,12/8/2017,Crystal Palace,Huddersfield,0,3,A,0,2,A,J Moss,14,8,4,6,7,19,12,9,1,3,0,0
18,12/8/2017,Everton,Stoke,1,0,H,1,0,H,N Swarbrick,9,9,4,1,13,10,6,7,1,1,0,0
18,12/8/2017,Southampton,Swansea,0,0,D,0,0,D,M Jones,29,4,2,0,10,13,13,0,2,1,0,0
18,12/8/2017,Watford,Liverpool,3,3,D,2,1,H,A Taylor,9,14,4,5,14,8,3,3,0,3,0,0
18,12/8/2017,West Brom,Bournemouth,1,0,H,1,0,H,R Madley,16,9,6,2,15,3,8,2,3,1,0,0
18,13/08/17,Man United,West Ham,4,0,H,1,0,H,M Atkinson,22,9,6,1,19,7,11,1,2,2,0,0
18,13/08/17,Newcastle,Tottenham,0,2,A,0,0,D,A Marriner,6,18,3,6,6,10,5,7,1,2,1,0
18,19/08/17,Bournemouth,Watford,0,2,A,0,0,D,R East,6,19,2,7,6,14,8,5,1,3,0,0
18,19/08/17,Burnley,West Brom,0,1,A,0,0,D,M Atkinson,20,8,0,1,11,11,5,5,1,0,0,1
18,19/08/17,Leicester,Brighton,2,0,H,1,0,H,L Probert,14,5,4,2,8,10,6,2,1,0,0,0
18,19/08/17,Liverpool,Crystal Palace,1,0,H,0,0,D,K Friend,23,4,13,1,12,13,4,2,1,3,0,0
18,19/08/17,Southampton,West Ham,3,2,H,2,1,H,L Mason,14,16,5,8,18,10,7,2,1,1,0,1
18,19/08/17,Stoke,Arsenal,1,0,H,0,0,D,A Marriner,11,18,4,6,6,11,2,9,0,0,0,0
18,19/08/17,Swansea,Man United,0,4,A,0,1,A,J Moss,6,17,1,8,12,11,3,5,1,1,0,0
18,20/08/17,Huddersfield,Newcastle,1,0,H,0,0,D,C Pawson,7,13,3,5,13,10,7,3,3,4,0,0
18,20/08/17,Tottenham,Chelsea,1,2,A,0,1,A,A Taylor,18,9,6,2,14,21,14,3,3,3,0,0
18,21/08/17,Man City,Everton,1,1,D,0,1,A,R Madley,19,7,6,2,7,9,7,1,1,2,1,1
18,26/08/17,Bournemouth,Man City,1,2,A,1,1,D,M Dean,9,19,3,8,13,14,2,5,5,4,0,1
18,26/08/17,Crystal Palace,Swansea,0,2,A,0,1,A,A Marriner,16,7,3,3,9,6,1,1,4,1,0,0
18,26/08/17,Huddersfield,Southampton,0,0,D,0,0,D,S Attwell,16,6,6,3,10,10,5,4,0,1,0,0
18,26/08/17,Man United,Leicester,2,0,H,0,0,D,M Oliver,22,11,7,4,8,7,9,3,1,2,0,0
18,26/08/17,Newcastle,West Ham,3,0,H,1,0,H,N Swarbrick,16,8,8,3,17,11,7,5,1,3,0,0
18,26/08/17,Watford,Brighton,0,0,D,0,0,D,G Scott,8,16,0,2,7,18,3,11,0,1,1,0
18,27/08/17,Chelsea,Everton,2,0,H,2,0,H,J Moss,18,7,7,0,12,7,6,3,2,2,0,0
18,27/08/17,Liverpool,Arsenal,4,0,H,2,0,H,C Pawson,18,8,10,0,6,9,4,3,2,4,0,0
18,27/08/17,Tottenham,Burnley,1,1,D,0,0,D,L Mason,28,13,5,3,9,9,10,7,0,0,0,0
18,27/08/17,West Brom,Stoke,1,1,D,0,0,D,A Taylor,10,16,2,2,10,9,10,4,2,2,0,0
18,9/9/2017,Arsenal,Bournemouth,3,0,H,2,0,H,A Taylor,15,6,8,1,14,8,8,2,0,1,0,0
18,9/9/2017,Brighton,West Brom,3,1,H,1,0,H,C Kavanagh,12,12,6,3,9,4,2,6,2,0,0,0
18,9/9/2017,Everton,Tottenham,0,3,A,0,2,A,G Scott,12,15,1,6,14,14,7,3,3,1,0,0
18,9/9/2017,Leicester,Chelsea,1,2,A,0,1,A,L Mason,8,16,2,6,11,8,2,9,1,0,0,0
18,9/9/2017,Man City,Liverpool,5,0,H,2,0,H,J Moss,13,10,7,3,10,9,8,3,2,2,0,1
18,9/9/2017,Southampton,Watford,0,2,A,0,1,A,L Probert,9,12,1,3,8,11,7,4,0,0,0,0
18,9/9/2017,Stoke,Man United,2,2,D,1,1,D,N Swarbrick,10,18,5,8,10,10,5,11,0,0,0,0
18,10/9/2017,Burnley,Crystal Palace,1,0,H,1,0,H,M Oliver,4,23,2,5,7,14,3,13,1,1,0,0
18,10/9/2017,Swansea,Newcastle,0,1,A,0,0,D,M Jones,10,16,4,8,11,15,7,5,2,3,0,0
18,11/9/2017,West Ham,Huddersfield,2,0,H,0,0,D,K Friend,19,10,3,2,11,14,10,3,1,2,0,0
18,15/09/17,Bournemouth,Brighton,2,1,H,0,0,D,C Pawson,15,9,3,2,5,12,6,4,0,0,0,0
18,16/09/17,Crystal Palace,Southampton,0,1,A,0,1,A,R Madley,14,13,3,4,14,13,5,5,5,1,0,0
18,16/09/17,Huddersfield,Leicester,1,1,D,0,0,D,J Moss,15,10,3,1,6,6,8,4,1,1,0,0
18,16/09/17,Liverpool,Burnley,1,1,D,1,1,D,R East,35,5,9,4,7,9,12,2,1,2,0,0
18,16/09/17,Newcastle,Stoke,2,1,H,1,0,H,S Attwell,14,13,3,4,13,11,7,5,3,1,0,0
18,16/09/17,Tottenham,Swansea,0,0,D,0,0,D,M Dean,26,4,8,0,11,9,11,1,1,3,0,0
18,16/09/17,Watford,Man City,0,6,A,0,3,A,A Taylor,7,28,1,10,8,6,3,11,2,0,0,0
18,16/09/17,West Brom,West Ham,0,0,D,0,0,D,P Tierney,6,9,1,1,15,7,2,3,2,2,0,0
18,17/09/17,Chelsea,Arsenal,0,0,D,0,0,D,M Oliver,13,11,4,2,11,15,5,1,1,3,1,0
18,17/09/17,Man United,Everton,4,0,H,1,0,H,A Marriner,16,7,7,3,15,14,4,1,1,1,0,0
18,23/09/17,Burnley,Huddersfield,0,0,D,0,0,D,C Kavanagh,5,9,3,2,9,13,3,4,3,2,0,0
18,23/09/17,Everton,Bournemouth,2,1,H,0,0,D,M Atkinson,12,8,4,4,12,11,4,6,3,1,0,0
18,23/09/17,Leicester,Liverpool,2,3,A,1,2,A,A Taylor,12,23,7,6,13,14,3,6,3,3,0,0
18,23/09/17,Man City,Crystal Palace,5,0,H,1,0,H,N Swarbrick,25,5,9,0,6,7,8,2,3,1,0,0
18,23/09/17,Southampton,Man United,0,1,A,0,1,A,C Pawson,14,9,4,4,12,9,8,4,1,4,0,0
18,23/09/17,Stoke,Chelsea,0,4,A,0,2,A,M Dean,13,7,2,4,5,14,5,0,2,2,0,0
18,23/09/17,Swansea,Watford,1,2,A,0,1,A,L Mason,10,8,3,4,9,16,5,4,1,3,0,0
18,23/09/17,West Ham,Tottenham,2,3,A,0,2,A,M Oliver,10,15,4,5,10,20,4,3,4,2,0,1
18,24/09/17,Brighton,Newcastle,1,0,H,0,0,D,A Marriner,7,17,3,5,6,8,2,8,2,1,0,0
18,25/09/17,Arsenal,West Brom,2,0,H,1,0,H,R Madley,16,7,6,3,8,17,7,4,1,4,0,0
18,30/09/17,Bournemouth,Leicester,0,0,D,0,0,D,G Scott,19,8,4,1,6,10,7,5,1,0,0,0
18,30/09/17,Chelsea,Man City,0,1,A,0,0,D,M Atkinson,4,17,2,6,8,13,4,8,0,2,0,0
18,30/09/17,Huddersfield,Tottenham,0,4,A,0,3,A,N Swarbrick,6,14,1,7,7,4,4,7,1,1,0,0
18,30/09/17,Man United,Crystal Palace,4,0,H,2,0,H,M Dean,18,6,7,1,6,9,6,5,0,0,0,0
18,30/09/17,Stoke,Southampton,2,1,H,1,0,H,M Jones,17,21,6,3,11,10,5,6,1,2,0,0
18,30/09/17,West Brom,Watford,2,2,D,2,1,H,M Oliver,9,15,4,3,12,11,7,6,3,0,0,0
18,30/09/17,West Ham,Swansea,1,0,H,0,0,D,R East,9,6,4,1,15,13,2,1,3,2,0,0
18,1/10/2017,Arsenal,Brighton,2,0,H,1,0,H,K Friend,25,9,12,1,7,8,6,5,0,2,0,0
18,1/10/2017,Everton,Burnley,0,1,A,0,1,A,J Moss,23,5,4,2,14,7,9,3,2,2,0,0
18,1/10/2017,Newcastle,Liverpool,1,1,D,1,1,D,C Pawson,8,17,5,2,11,6,1,5,1,1,0,0
18,14/10/17,Burnley,West Ham,1,1,D,0,1,A,S Attwell,20,8,5,6,11,14,7,4,2,2,0,1
18,14/10/17,Crystal Palace,Chelsea,2,1,H,2,1,H,A Marriner,14,15,5,5,7,6,5,8,2,1,0,0
18,14/10/17,Liverpool,Man United,0,0,D,0,0,D,M Atkinson,19,6,5,1,7,13,7,3,0,2,0,0
18,14/10/17,Man City,Stoke,7,2,H,3,1,H,C Pawson,20,5,11,1,5,8,5,0,0,1,0,0
18,14/10/17,Swansea,Huddersfield,2,0,H,1,0,H,P Tierney,7,7,3,2,12,16,5,3,1,5,0,0
18,14/10/17,Tottenham,Bournemouth,1,0,H,0,0,D,R Madley,18,5,6,1,9,7,9,5,1,3,0,0
18,14/10/17,Watford,Arsenal,2,1,H,0,1,A,N Swarbrick,11,9,2,6,8,10,2,5,1,0,0,0
18,15/10/17,Brighton,Everton,1,1,D,0,0,D,M Oliver,12,13,3,6,12,10,7,1,4,1,0,0
18,15/10/17,Southampton,Newcastle,2,2,D,0,1,A,K Friend,12,19,2,5,11,12,3,8,1,2,0,0
18,16/10/17,Leicester,West Brom,1,1,D,0,0,D,M Dean,11,5,3,1,13,6,4,1,2,2,0,0
18,20/10/17,West Ham,Brighton,0,3,A,0,2,A,M Atkinson,16,7,2,5,5,13,10,3,1,0,0,0
18,21/10/17,Chelsea,Watford,4,2,H,1,1,D,J Moss,14,16,8,5,13,16,6,6,2,3,0,0
18,21/10/17,Huddersfield,Man United,2,1,H,2,0,H,L Mason,5,9,3,3,10,12,4,7,4,2,0,0
18,21/10/17,Man City,Burnley,3,0,H,1,0,H,R East,15,6,10,0,10,6,4,5,2,3,0,0
18,21/10/17,Newcastle,Crystal Palace,1,0,H,0,0,D,S Attwell,7,10,3,0,12,14,3,5,4,2,0,0
18,21/10/17,Southampton,West Brom,1,0,H,0,0,D,G Scott,20,7,6,2,10,8,8,3,0,1,0,0
18,21/10/17,Stoke,Bournemouth,1,2,A,0,2,A,L Probert,10,7,2,3,17,10,8,3,0,1,0,0
18,21/10/17,Swansea,Leicester,1,2,A,0,1,A,M Oliver,19,11,4,6,6,9,7,6,0,1,0,0
18,22/10/17,Everton,Arsenal,2,5,A,1,1,D,C Pawson,8,30,3,14,14,14,0,7,1,1,1,0
18,22/10/17,Tottenham,Liverpool,4,1,H,3,1,H,A Marriner,14,12,6,7,2,8,3,5,0,1,0,0
18,28/10/17,Arsenal,Swansea,2,1,H,0,1,A,L Mason,17,4,5,2,9,9,5,2,0,0,0,0
18,28/10/17,Bournemouth,Chelsea,0,1,A,0,0,D,C Pawson,7,18,1,5,5,5,5,5,2,0,0,0
18,28/10/17,Crystal Palace,West Ham,2,2,D,0,2,A,R Madley,19,6,9,2,18,15,11,2,1,2,0,0
18,28/10/17,Liverpool,Huddersfield,3,0,H,0,0,D,K Friend,16,1,8,0,10,8,9,2,0,1,0,0
18,28/10/17,Man United,Tottenham,1,0,H,0,0,D,J Moss,11,13,3,4,12,14,6,3,1,0,0,0
18,28/10/17,Watford,Stoke,0,1,A,0,1,A,M Oliver,13,6,0,2,10,9,8,1,4,4,0,0
18,28/10/17,West Brom,Man City,2,3,A,1,2,A,M Jones,6,15,4,5,10,7,1,2,2,3,0,0
18,29/10/17,Brighton,Southampton,1,1,D,0,1,A,N Swarbrick,7,6,2,1,9,10,2,7,3,1,0,0
18,29/10/17,Leicester,Everton,2,0,H,2,0,H,A Marriner,9,16,3,2,6,10,3,10,0,2,0,0
18,30/10/17,Burnley,Newcastle,1,0,H,0,0,D,M Dean,12,12,5,5,9,10,5,3,3,0,0,0
18,4/11/2017,Huddersfield,West Brom,1,0,H,1,0,H,R East,7,9,3,3,8,15,3,5,1,4,1,0
18,4/11/2017,Newcastle,Bournemouth,0,1,A,0,0,D,P Tierney,16,16,4,6,11,12,11,9,2,2,0,0
18,4/11/2017,Southampton,Burnley,0,1,A,0,0,D,L Probert,13,5,3,1,4,4,9,1,0,0,0,0
18,4/11/2017,Stoke,Leicester,2,2,D,1,1,D,R Madley,11,14,7,4,12,8,4,10,0,0,0,0
18,4/11/2017,Swansea,Brighton,0,1,A,0,1,A,M Dean,12,5,2,2,13,12,8,7,2,1,0,0
18,4/11/2017,West Ham,Liverpool,1,4,A,0,2,A,N Swarbrick,6,15,1,7,9,13,2,3,3,0,0,0
18,5/11/2017,Chelsea,Man United,1,0,H,0,0,D,A Taylor,18,10,8,2,16,20,4,7,1,3,0,0
18,5/11/2017,Everton,Watford,3,2,H,0,0,D,G Scott,10,11,5,3,14,12,2,5,0,2,0,0
18,5/11/2017,Man City,Arsenal,3,1,H,1,0,H,M Oliver,9,6,5,3,15,15,5,5,1,6,0,0
18,5/11/2017,Tottenham,Crystal Palace,1,0,H,0,0,D,K Friend,12,11,2,3,6,7,10,9,0,2,0,0
18,18/11/17,Arsenal,Tottenham,2,0,H,2,0,H,M Dean,14,14,5,4,11,16,7,4,4,1,0,0
18,18/11/17,Bournemouth,Huddersfield,4,0,H,2,0,H,L Probert,11,20,5,3,13,10,8,11,3,2,1,0
18,18/11/17,Burnley,Swansea,2,0,H,2,0,H,M Atkinson,16,13,7,1,12,12,8,6,1,1,0,0
18,18/11/17,Crystal Palace,Everton,2,2,D,2,2,D,A Taylor,16,8,7,5,9,26,9,4,2,3,0,0
18,18/11/17,Leicester,Man City,0,2,A,0,1,A,G Scott,2,12,0,4,8,10,1,7,1,1,0,0
18,18/11/17,Liverpool,Southampton,3,0,H,2,0,H,M Jones,21,5,8,0,15,9,10,2,1,1,0,0
18,18/11/17,Man United,Newcastle,4,1,H,2,1,H,C Pawson,16,12,7,5,10,9,11,4,1,1,0,0
18,18/11/17,West Brom,Chelsea,0,4,A,0,3,A,J Moss,7,11,2,7,13,12,3,4,2,3,0,0
18,19/11/17,Watford,West Ham,2,0,H,1,0,H,A Marriner,17,10,7,6,13,10,3,1,1,4,0,0
18,20/11/17,Brighton,Stoke,2,2,D,1,2,A,L Mason,9,13,3,6,13,5,6,7,1,0,0,0
18,24/11/17,West Ham,Leicester,1,1,D,1,1,D,M Atkinson,8,7,4,2,9,12,5,5,1,1,0,0
18,25/11/17,Crystal Palace,Stoke,2,1,H,0,0,D,M Dean,10,9,5,3,9,5,5,2,1,1,0,0
18,25/11/17,Liverpool,Chelsea,1,1,D,0,0,D,M Oliver,16,11,4,3,10,7,7,8,0,0,0,0
18,25/11/17,Man United,Brighton,1,0,H,0,0,D,N Swarbrick,15,8,4,2,9,9,5,0,0,2,0,0
18,25/11/17,Newcastle,Watford,0,3,A,0,2,A,C Kavanagh,12,12,2,4,8,13,6,3,1,2,0,0
18,25/11/17,Swansea,Bournemouth,0,0,D,0,0,D,S Attwell,10,9,1,5,18,6,4,5,4,2,0,0
18,25/11/17,Tottenham,West Brom,1,1,D,0,1,A,M Jones,24,5,5,2,10,13,8,0,1,4,0,0
18,26/11/17,Burnley,Arsenal,0,1,A,0,0,D,L Mason,8,17,2,2,8,14,5,5,2,0,0,0
18,26/11/17,Huddersfield,Man City,1,2,A,1,0,H,C Pawson,4,14,0,5,10,10,3,7,2,3,1,0
18,26/11/17,Southampton,Everton,4,1,H,1,1,D,K Friend,17,5,5,2,6,13,7,2,0,0,0,0
18,28/11/17,Brighton,Crystal Palace,0,0,D,0,0,D,A Marriner,10,10,4,4,13,8,10,5,2,0,0,0
18,28/11/17,Leicester,Tottenham,2,1,H,2,0,H,A Taylor,7,18,4,6,7,10,4,9,1,2,0,0
18,28/11/17,Watford,Man United,2,4,A,0,3,A,J Moss,12,15,3,7,12,10,5,5,2,1,0,0
18,28/11/17,West Brom,Newcastle,2,2,D,1,0,H,L Probert,8,14,4,4,13,12,1,6,0,0,0,0
18,29/11/17,Arsenal,Huddersfield,5,0,H,1,0,H,G Scott,21,7,7,2,10,12,7,2,0,1,0,0
18,29/11/17,Bournemouth,Burnley,1,2,A,0,1,A,R East,10,10,2,4,9,11,4,6,0,1,0,0
18,29/11/17,Chelsea,Swansea,1,0,H,0,0,D,N Swarbrick,21,2,10,0,10,7,15,1,1,0,0,0
18,29/11/17,Everton,West Ham,4,0,H,2,0,H,M Oliver,8,7,5,3,16,6,2,6,2,1,0,0
18,29/11/17,Man City,Southampton,2,1,H,0,0,D,P Tierney,26,7,12,2,12,11,6,5,1,1,0,0
18,29/11/17,Stoke,Liverpool,0,3,A,0,1,A,M Atkinson,10,14,1,7,8,10,5,9,1,5,0,0
18,2/12/2017,Arsenal,Man United,1,3,A,0,2,A,A Marriner,33,8,15,4,11,10,12,1,3,2,0,1
18,2/12/2017,Brighton,Liverpool,1,5,A,0,2,A,G Scott,6,12,2,6,8,7,2,2,1,0,0,0
18,2/12/2017,Chelsea,Newcastle,3,1,H,2,1,H,K Friend,23,8,9,2,8,13,11,4,0,1,0,0
18,2/12/2017,Everton,Huddersfield,2,0,H,0,0,D,C Kavanagh,6,5,4,3,12,9,2,5,2,1,0,0
18,2/12/2017,Leicester,Burnley,1,0,H,1,0,H,P Tierney,16,14,3,4,3,11,10,7,0,2,0,0
18,2/12/2017,Stoke,Swansea,2,1,H,2,1,H,C Pawson,10,10,3,3,12,10,2,6,2,0,0,0
18,2/12/2017,Watford,Tottenham,1,1,D,1,1,D,M Atkinson,6,8,2,2,16,8,7,2,4,1,0,1
18,2/12/2017,West Brom,Crystal Palace,0,0,D,0,0,D,M Oliver,20,10,6,2,11,10,3,7,3,1,0,0
18,3/12/2017,Bournemouth,Southampton,1,1,D,1,0,H,J Moss,16,15,5,4,6,12,5,4,2,1,0,0
18,3/12/2017,Man City,West Ham,2,1,H,0,1,A,M Dean,24,7,8,4,5,7,10,4,2,2,0,0
18,9/12/2017,Burnley,Watford,1,0,H,1,0,H,L Probert,8,11,5,2,10,12,3,5,1,0,0,1
18,9/12/2017,Crystal Palace,Bournemouth,2,2,D,2,2,D,K Friend,24,11,8,5,14,14,6,3,5,2,0,0
18,9/12/2017,Huddersfield,Brighton,2,0,H,2,0,H,S Attwell,19,7,6,2,6,10,8,1,0,0,0,0
18,9/12/2017,Newcastle,Leicester,2,3,A,1,1,D,N Swarbrick,10,13,4,5,10,9,6,5,2,1,0,0
18,9/12/2017,Swansea,West Brom,1,0,H,0,0,D,M Dean,18,7,3,1,8,18,6,3,2,5,0,0
18,9/12/2017,Tottenham,Stoke,5,1,H,1,0,H,R East,20,4,11,3,12,9,12,6,1,0,0,0
18,9/12/2017,West Ham,Chelsea,1,0,H,1,0,H,A Taylor,5,19,2,2,10,10,4,3,6,1,0,0
18,10/12/2017,Liverpool,Everton,1,1,D,1,0,H,C Pawson,23,3,3,2,8,11,12,1,1,3,0,0
18,10/12/2017,Man United,Man City,1,2,A,1,1,D,M Oliver,8,14,5,7,16,10,2,8,4,2,0,0
18,10/12/2017,Southampton,Arsenal,1,1,D,1,0,H,R Madley,6,11,3,6,12,10,4,5,2,2,0,0
18,12/12/2017,Burnley,Stoke,1,0,H,0,0,D,M Jones,10,14,2,7,6,14,6,4,0,0,0,0
18,12/12/2017,Crystal Palace,Watford,2,1,H,0,1,A,L Mason,14,7,4,2,14,18,4,6,2,1,0,1
18,12/12/2017,Huddersfield,Chelsea,1,3,A,0,2,A,A Marriner,7,12,2,5,11,4,1,3,0,0,0,0
18,13/12/17,Liverpool,West Brom,0,0,D,0,0,D,P Tierney,14,6,5,1,16,6,5,7,1,0,0,0
18,13/12/17,Man United,Bournemouth,1,0,H,1,0,H,G Scott,9,14,2,7,14,12,4,9,1,2,0,0
18,13/12/17,Newcastle,Everton,0,1,A,0,1,A,M Atkinson,16,7,4,4,10,11,4,1,1,2,1,0
18,13/12/17,Southampton,Leicester,1,4,A,0,3,A,C Kavanagh,12,16,4,11,13,9,9,9,1,0,0,0
18,13/12/17,Swansea,Man City,0,4,A,0,2,A,A Taylor,7,23,3,10,12,6,2,5,0,0,0,0
18,13/12/17,Tottenham,Brighton,2,0,H,1,0,H,R Madley,25,7,8,4,5,10,10,2,1,1,0,0
18,13/12/17,West Ham,Arsenal,0,0,D,0,0,D,J Moss,6,22,0,3,9,9,1,7,1,0,0,0
18,16/12/17,Arsenal,Newcastle,1,0,H,1,0,H,S Attwell,23,10,5,2,13,9,7,5,2,1,0,0
18,16/12/17,Brighton,Burnley,0,0,D,0,0,D,C Kavanagh,12,11,2,6,13,13,8,2,4,2,0,0
18,16/12/17,Chelsea,Southampton,1,0,H,1,0,H,R East,24,6,8,2,8,16,8,4,1,3,0,0
18,16/12/17,Leicester,Crystal Palace,0,3,A,0,2,A,M Atkinson,11,13,2,6,12,13,6,4,2,2,1,0
18,16/12/17,Man City,Tottenham,4,1,H,1,0,H,C Pawson,20,7,11,2,13,20,5,1,2,4,0,0
18,16/12/17,Stoke,West Ham,0,3,A,0,1,A,G Scott,17,14,0,7,12,13,7,9,2,1,0,0
18,16/12/17,Watford,Huddersfield,1,4,A,0,2,A,M Oliver,13,15,3,9,12,17,8,7,2,1,1,1
18,17/12/17,Bournemouth,Liverpool,0,4,A,0,3,A,A Marriner,6,21,2,7,5,10,2,3,1,1,0,0
18,17/12/17,West Brom,Man United,1,2,A,0,2,A,A Taylor,12,8,5,3,14,7,6,3,1,3,0,0
18,18/12/17,Everton,Swansea,3,1,H,1,1,D,J Moss,12,8,7,3,12,12,6,3,2,3,0,0
18,22/12/17,Arsenal,Liverpool,3,3,D,0,1,A,M Atkinson,11,14,4,9,9,11,7,8,1,0,0,0
18,23/12/17,Brighton,Watford,1,0,H,0,0,D,P Tierney,14,13,3,1,8,11,6,4,0,0,0,0
18,23/12/17,Burnley,Tottenham,0,3,A,0,1,A,M Oliver,5,18,2,8,10,10,4,4,1,2,0,0
18,23/12/17,Everton,Chelsea,0,0,D,0,0,D,R Madley,5,25,0,8,8,4,2,7,3,0,0,0
18,23/12/17,Leicester,Man United,2,2,D,1,1,D,J Moss,11,19,3,6,19,8,4,6,2,2,1,0
18,23/12/17,Man City,Bournemouth,4,0,H,1,0,H,M Jones,14,5,5,1,8,7,4,6,0,1,0,0
18,23/12/17,Southampton,Huddersfield,1,1,D,1,0,H,L Probert,12,10,6,3,16,9,9,1,2,1,0,0
18,23/12/17,Stoke,West Brom,3,1,H,2,0,H,N Swarbrick,9,17,5,7,9,11,1,11,1,0,0,0
18,23/12/17,Swansea,Crystal Palace,1,1,D,0,0,D,C Pawson,7,13,2,5,13,11,6,3,2,3,0,0
18,23/12/17,West Ham,Newcastle,2,3,A,1,1,D,L Mason,19,11,6,4,9,12,6,3,1,1,0,0
18,26/12/17,Bournemouth,West Ham,3,3,D,1,1,D,S Attwell,26,10,10,5,12,14,7,4,3,4,0,0
18,26/12/17,Chelsea,Brighton,2,0,H,0,0,D,M Dean,25,8,8,1,8,8,13,1,0,1,0,0
18,26/12/17,Huddersfield,Stoke,1,1,D,1,0,H,A Taylor,18,15,8,7,9,12,8,5,2,4,0,0
18,26/12/17,Liverpool,Swansea,5,0,H,1,0,H,K Friend,22,7,9,4,5,8,4,2,0,1,0,0
18,26/12/17,Man United,Burnley,2,2,D,0,2,A,M Atkinson,23,3,6,2,10,14,12,2,3,7,0,0
18,26/12/17,Tottenham,Southampton,5,2,H,2,0,H,G Scott,16,16,7,6,8,15,3,8,0,2,0,0
18,26/12/17,Watford,Leicester,2,1,H,1,1,D,C Kavanagh,11,11,1,5,7,13,8,8,3,3,0,0
18,26/12/17,West Brom,Everton,0,0,D,0,0,D,R East,17,7,3,3,14,13,10,2,2,0,0,0
18,27/12/17,Newcastle,Man City,0,1,A,0,1,A,A Marriner,6,22,2,6,11,6,3,8,1,0,0,0
18,28/12/17,Crystal Palace,Arsenal,2,3,A,0,1,A,M Oliver,16,16,2,9,12,7,5,4,0,1,0,0
18,30/12/17,Bournemouth,Everton,2,1,H,1,0,H,L Probert,19,6,7,1,8,13,4,4,0,0,0,0
18,30/12/17,Chelsea,Stoke,5,0,H,3,0,H,K Friend,21,1,12,1,5,10,7,0,1,1,0,0
18,30/12/17,Huddersfield,Burnley,0,0,D,0,0,D,P Tierney,3,11,1,4,14,14,5,4,2,1,0,0
18,30/12/17,Liverpool,Leicester,2,1,H,0,1,A,N Swarbrick,17,7,6,1,7,3,7,1,3,2,0,0
18,30/12/17,Man United,Southampton,0,0,D,0,0,D,C Pawson,15,8,3,3,12,13,10,7,2,4,0,0
18,30/12/17,Newcastle,Brighton,0,0,D,0,0,D,A Taylor,11,10,2,3,11,10,3,6,2,2,0,0
18,30/12/17,Watford,Swansea,1,2,A,1,0,H,M Atkinson,9,9,4,4,14,13,1,8,4,2,0,0
18,31/12/17,Crystal Palace,Man City,0,0,D,0,0,D,J Moss,10,15,1,4,14,11,7,8,5,4,0,0
18,31/12/17,West Brom,Arsenal,1,1,D,0,0,D,M Dean,14,14,3,4,14,9,5,6,3,3,0,0
18,1/1/2018,Brighton,Bournemouth,2,2,D,1,1,D,M Oliver,15,26,6,8,13,9,5,12,2,1,0,0
18,1/1/2018,Burnley,Liverpool,1,2,A,0,0,D,R East,13,19,4,5,4,12,3,9,0,0,0,0
18,1/1/2018,Everton,Man United,0,2,A,0,0,D,A Marriner,12,21,0,6,11,10,6,6,2,0,0,0
18,1/1/2018,Leicester,Huddersfield,3,0,H,0,0,D,G Scott,11,6,5,1,7,9,4,1,1,1,0,0
18,1/1/2018,Stoke,Newcastle,0,1,A,0,0,D,C Kavanagh,11,14,4,6,10,11,10,5,3,1,0,0
18,2/1/2018,Man City,Watford,3,1,H,2,0,H,L Mason,17,7,7,4,8,12,9,1,1,1,0,0
18,2/1/2018,Southampton,Crystal Palace,1,2,A,1,0,H,S Attwell,10,11,3,4,8,11,4,7,0,1,0,0
18,2/1/2018,Swansea,Tottenham,0,2,A,0,1,A,R Madley,8,12,1,5,12,9,6,5,2,2,0,0
18,2/1/2018,West Ham,West Brom,2,1,H,0,1,A,M Jones,13,10,5,3,12,12,3,4,3,2,0,0
18,3/1/2018,Arsenal,Chelsea,2,2,D,0,0,D,A Taylor,14,19,6,6,11,11,10,8,3,2,0,0
18,4/1/2018,Tottenham,West Ham,1,1,D,0,0,D,M Dean,31,3,8,1,10,6,7,1,0,2,0,0
18,13/01/18,Chelsea,Leicester,0,0,D,0,0,D,M Jones,17,14,7,1,14,13,6,3,2,2,0,1
18,13/01/18,Crystal Palace,Burnley,1,0,H,1,0,H,M Oliver,17,8,2,2,16,10,3,2,0,3,0,0
18,13/01/18,Huddersfield,West Ham,1,4,A,1,1,D,J Moss,8,8,2,6,7,9,7,3,1,1,0,0
18,13/01/18,Newcastle,Swansea,1,1,D,0,0,D,G Scott,12,8,4,5,11,10,4,5,0,3,0,0
18,13/01/18,Tottenham,Everton,4,0,H,1,0,H,C Pawson,20,7,10,0,11,15,3,3,0,2,0,0
18,13/01/18,Watford,Southampton,2,2,D,0,2,A,R East,16,10,4,4,11,13,5,4,0,5,0,0
18,13/01/18,West Brom,Brighton,2,0,H,1,0,H,M Atkinson,15,13,4,1,8,15,9,6,0,0,0,0
18,14/01/18,Bournemouth,Arsenal,2,1,H,0,0,D,K Friend,13,12,5,3,8,10,4,5,2,2,0,0
18,14/01/18,Liverpool,Man City,4,3,H,1,1,D,A Marriner,16,11,7,4,10,7,5,6,2,3,0,0
18,15/01/18,Man United,Stoke,3,0,H,2,0,H,A Taylor,20,11,9,5,14,10,6,1,2,1,0,0
18,20/01/18,Arsenal,Crystal Palace,4,1,H,4,0,H,C Kavanagh,16,9,10,5,6,8,5,10,0,0,0,0
18,20/01/18,Brighton,Chelsea,0,4,A,0,2,A,J Moss,10,14,3,10,12,5,5,3,3,0,0,0
18,20/01/18,Burnley,Man United,0,1,A,0,0,D,M Dean,13,12,2,2,7,12,5,4,3,3,0,0
18,20/01/18,Everton,West Brom,1,1,D,0,1,A,S Attwell,9,15,4,5,15,10,0,3,2,1,0,0
18,20/01/18,Leicester,Watford,2,0,H,1,0,H,L Probert,9,11,5,3,11,10,4,5,0,0,0,0
18,20/01/18,Man City,Newcastle,3,1,H,1,0,H,P Tierney,21,6,9,4,5,10,18,0,0,1,0,0
18,20/01/18,Stoke,Huddersfield,2,0,H,0,0,D,M Oliver,11,6,6,3,18,13,3,2,1,1,0,0
18,20/01/18,West Ham,Bournemouth,1,1,D,0,0,D,M Atkinson,12,8,4,3,8,7,6,3,3,1,0,0
18,21/01/18,Southampton,Tottenham,1,1,D,1,1,D,K Friend,10,17,4,2,8,15,2,9,2,3,0,0
18,22/01/18,Swansea,Liverpool,1,0,H,1,0,H,N Swarbrick,3,21,2,4,5,9,3,9,0,2,0,0
18,30/01/18,Huddersfield,Liverpool,0,3,A,0,2,A,K Friend,5,14,1,7,8,8,1,4,0,0,0,0
18,30/01/18,Swansea,Arsenal,3,1,H,1,1,D,L Mason,12,9,4,4,4,8,4,3,0,3,0,0
18,30/01/18,West Ham,Crystal Palace,1,1,D,1,1,D,N Swarbrick,8,9,3,3,11,15,5,3,1,3,0,0
18,31/01/18,Chelsea,Bournemouth,0,3,A,0,0,D,L Probert,21,11,5,5,5,12,8,5,1,0,0,0
18,31/01/18,Everton,Leicester,2,1,H,2,0,H,C Kavanagh,9,8,4,1,9,10,5,5,0,2,0,0
18,31/01/18,Man City,West Brom,3,0,H,1,0,H,R Madley,19,3,10,1,10,10,9,1,1,3,0,0
18,31/01/18,Newcastle,Burnley,1,1,D,0,0,D,S Hooper,14,11,4,2,15,15,7,4,1,2,0,0
18,31/01/18,Southampton,Brighton,1,1,D,0,1,A,M Dean,18,9,3,2,8,10,7,2,3,1,0,0
18,31/01/18,Stoke,Watford,0,0,D,0,0,D,J Moss,11,12,4,2,12,12,2,6,4,3,0,0
18,31/01/18,Tottenham,Man United,2,0,H,2,0,H,A Marriner,22,6,6,3,10,13,6,3,2,2,0,0
18,3/2/2018,Arsenal,Everton,5,1,H,4,0,H,N Swarbrick,15,11,7,2,8,8,4,6,2,0,0,0
18,3/2/2018,Bournemouth,Stoke,2,1,H,0,1,A,P Tierney,15,13,8,4,14,19,8,1,2,3,0,0
18,3/2/2018,Brighton,West Ham,3,1,H,1,1,D,R East,21,4,5,1,11,7,4,1,3,1,0,0
18,3/2/2018,Burnley,Man City,1,1,D,0,1,A,M Atkinson,8,20,3,7,9,6,3,13,4,1,0,0
18,3/2/2018,Leicester,Swansea,1,1,D,1,0,H,A Taylor,13,3,5,1,9,8,3,3,1,0,0,0
18,3/2/2018,Man United,Huddersfield,2,0,H,0,0,D,S Attwell,16,4,7,0,5,19,5,2,2,4,0,0
18,3/2/2018,West Brom,Southampton,2,3,A,1,2,A,M Oliver,9,13,3,5,12,10,5,7,2,1,0,0
18,4/2/2018,Crystal Palace,Newcastle,1,1,D,0,1,A,A Marriner,21,11,6,8,11,8,5,6,1,1,0,0
18,4/2/2018,Liverpool,Tottenham,2,2,D,1,0,H,J Moss,9,13,3,6,15,9,3,7,3,1,0,0
18,5/2/2018,Watford,Chelsea,4,1,H,1,0,H,M Dean,21,7,8,3,11,8,6,2,2,2,0,1
18,10/2/2018,Everton,Crystal Palace,3,1,H,0,0,D,J Moss,11,16,5,4,14,15,8,7,1,1,0,0
18,10/2/2018,Man City,Leicester,5,1,H,1,1,D,M Jones,19,2,11,2,10,12,8,2,2,3,0,0
18,10/2/2018,Stoke,Brighton,1,1,D,0,1,A,R Madley,15,14,3,6,6,10,7,4,0,0,0,0
18,10/2/2018,Swansea,Burnley,1,0,H,0,0,D,A Marriner,12,13,4,1,10,9,5,2,2,1,0,0
18,10/2/2018,Tottenham,Arsenal,1,0,H,0,0,D,A Taylor,18,6,6,1,13,9,10,2,2,1,0,0
18,10/2/2018,West Ham,Watford,2,0,H,1,0,H,G Scott,8,11,4,4,11,7,8,7,1,1,0,0
18,11/2/2018,Huddersfield,Bournemouth,4,1,H,2,1,H,M Oliver,15,7,4,2,12,12,2,6,0,3,0,0
18,11/2/2018,Newcastle,Man United,1,0,H,0,0,D,C Pawson,10,13,3,6,12,15,0,10,0,2,0,0
18,11/2/2018,Southampton,Liverpool,0,2,A,0,2,A,M Atkinson,6,16,4,4,5,8,3,1,1,2,0,0
18,12/2/2018,Chelsea,West Brom,3,0,H,1,0,H,L Mason,20,8,8,1,11,11,8,7,0,2,0,0
18,24/02/18,Bournemouth,Newcastle,2,2,D,0,2,A,R East,18,15,5,4,12,10,8,1,1,4,0,0
18,24/02/18,Brighton,Swansea,4,1,H,1,0,H,M Dean,16,11,5,1,17,6,3,5,1,0,0,0
18,24/02/18,Burnley,Southampton,1,1,D,0,0,D,R Madley,9,13,3,6,8,14,7,5,1,0,0,0
18,24/02/18,Leicester,Stoke,1,1,D,0,1,A,M Oliver,19,6,9,2,10,16,13,1,1,3,0,0
18,24/02/18,Liverpool,West Ham,4,1,H,1,0,H,S Attwell,21,7,12,4,7,7,8,2,0,2,0,0
18,24/02/18,Watford,Everton,1,0,H,0,0,D,A Taylor,13,7,5,2,10,9,6,5,3,1,0,0
18,24/02/18,West Brom,Huddersfield,1,2,A,0,0,D,J Moss,10,16,3,7,11,9,6,3,1,1,0,0
18,25/02/18,Crystal Palace,Tottenham,0,1,A,0,0,D,K Friend,5,14,3,4,12,5,2,13,0,1,0,0
18,25/02/18,Man United,Chelsea,2,1,H,1,1,D,M Atkinson,10,14,5,7,13,12,3,4,2,2,0,0
18,1/3/2018,Arsenal,Man City,0,3,A,0,3,A,A Marriner,10,9,5,5,11,11,6,1,1,1,0,0
18,3/3/2018,Burnley,Everton,2,1,H,0,1,A,C Kavanagh,21,10,8,4,9,12,10,4,1,1,0,1
18,3/3/2018,Leicester,Bournemouth,1,1,D,0,1,A,L Probert,23,8,4,3,11,7,13,1,2,1,0,0
18,3/3/2018,Liverpool,Newcastle,2,0,H,1,0,H,G Scott,14,7,3,2,7,9,8,3,0,0,0,0
18,3/3/2018,Southampton,Stoke,0,0,D,0,0,D,A Taylor,18,12,6,3,8,13,15,4,0,1,0,0
18,3/3/2018,Swansea,West Ham,4,1,H,2,0,H,M Atkinson,9,7,8,2,9,14,4,5,0,3,0,0
18,3/3/2018,Tottenham,Huddersfield,2,0,H,1,0,H,K Friend,15,3,7,3,6,8,8,1,1,1,0,0
18,3/3/2018,Watford,West Brom,1,0,H,0,0,D,P Tierney,15,9,4,2,11,12,4,6,2,0,0,0
18,4/3/2018,Brighton,Arsenal,2,1,H,2,1,H,S Attwell,13,15,6,7,13,12,6,11,3,3,0,0
18,4/3/2018,Man City,Chelsea,1,0,H,0,0,D,M Oliver,13,3,3,0,8,9,5,2,2,1,0,0
18,5/3/2018,Crystal Palace,Man United,2,3,A,1,0,H,N Swarbrick,10,17,4,8,10,8,3,7,1,3,0,0
18,10/3/2018,Chelsea,Crystal Palace,2,1,H,2,0,H,A Taylor,27,9,11,2,8,9,12,3,1,2,0,0
18,10/3/2018,Everton,Brighton,2,0,H,0,0,D,R East,13,10,3,4,10,14,10,3,0,1,0,1
18,10/3/2018,Huddersfield,Swansea,0,0,D,0,0,D,M Oliver,30,0,4,0,9,9,12,0,2,3,0,1
18,10/3/2018,Man United,Liverpool,2,1,H,2,0,H,C Pawson,5,14,2,2,10,16,1,13,2,1,0,0
18,10/3/2018,Newcastle,Southampton,3,0,H,2,0,H,A Marriner,7,6,5,2,10,10,2,6,0,2,0,0
18,10/3/2018,West Brom,Leicester,1,4,A,1,1,D,R Madley,6,14,2,6,6,7,7,6,1,3,0,0
18,10/3/2018,West Ham,Burnley,0,3,A,0,0,D,L Mason,13,7,4,4,13,7,5,1,2,2,0,0
18,11/3/2018,Arsenal,Watford,3,0,H,1,0,H,M Atkinson,11,11,7,4,12,9,4,9,2,1,0,0
18,11/3/2018,Bournemouth,Tottenham,1,4,A,1,1,D,M Dean,14,12,3,8,10,7,4,5,1,1,0,0
18,12/3/2018,Stoke,Man City,0,2,A,0,1,A,J Moss,3,17,0,6,6,8,3,10,1,0,0,0
18,17/03/18,Bournemouth,West Brom,2,1,H,0,0,D,G Scott,17,11,5,6,6,9,3,2,1,2,0,0
18,17/03/18,Huddersfield,Crystal Palace,0,2,A,0,1,A,M Dean,6,17,2,6,11,12,4,7,3,2,0,0
18,17/03/18,Liverpool,Watford,5,0,H,2,0,H,A Taylor,13,4,10,1,5,4,6,1,1,0,0,0
18,17/03/18,Stoke,Everton,1,2,A,0,0,D,M Atkinson,9,17,4,9,13,12,1,9,1,1,1,0
18,31/03/18,Brighton,Leicester,0,2,A,0,0,D,C Kavanagh,15,6,3,4,11,13,6,1,2,4,0,1
18,31/03/18,Crystal Palace,Liverpool,1,2,A,1,0,H,N Swarbrick,6,16,3,6,6,8,4,6,2,2,0,0
18,31/03/18,Everton,Man City,1,3,A,0,3,A,P Tierney,6,18,2,4,10,8,2,11,0,0,0,0
18,31/03/18,Man United,Swansea,2,0,H,2,0,H,R Madley,11,3,5,2,5,13,3,3,0,0,0,0
18,31/03/18,Newcastle,Huddersfield,1,0,H,0,0,D,M Atkinson,18,4,3,0,9,10,3,3,1,4,0,0
18,31/03/18,Watford,Bournemouth,2,2,D,1,1,D,A Marriner,16,13,5,6,16,6,7,4,4,0,0,0
18,31/03/18,West Brom,Burnley,1,2,A,0,1,A,L Probert,8,11,3,4,12,9,1,6,1,3,0,0
18,31/03/18,West Ham,Southampton,3,0,H,3,0,H,J Moss,13,9,5,0,9,16,5,9,0,3,0,0
18,1/4/2018,Arsenal,Stoke,3,0,H,0,0,D,C Pawson,24,8,11,2,9,13,6,5,1,2,0,0
18,1/4/2018,Chelsea,Tottenham,1,3,A,1,1,D,A Marriner,14,12,4,7,4,11,5,5,0,1,0,0
18,7/4/2018,Bournemouth,Crystal Palace,2,2,D,0,0,D,J Moss,20,13,5,6,8,9,11,3,2,2,0,0
18,7/4/2018,Brighton,Huddersfield,1,1,D,1,1,D,A Taylor,13,14,4,5,13,7,5,3,1,0,1,0
18,7/4/2018,Everton,Liverpool,0,0,D,0,0,D,M Oliver,6,10,1,3,12,7,3,2,0,0,0,0
18,7/4/2018,Leicester,Newcastle,1,2,A,0,1,A,S Attwell,8,8,1,4,7,14,7,5,1,3,0,0
18,7/4/2018,Man City,Man United,2,3,A,2,0,H,M Atkinson,20,5,6,4,17,9,8,4,6,3,0,0
18,7/4/2018,Stoke,Tottenham,1,2,A,0,0,D,G Scott,10,15,4,4,19,8,6,3,4,3,0,0
18,7/4/2018,Watford,Burnley,1,2,A,0,0,D,P Tierney,14,7,5,4,18,12,11,1,2,2,0,0
18,7/4/2018,West Brom,Swansea,1,1,D,0,0,D,R East,15,7,3,1,15,5,5,1,3,2,0,0
18,8/4/2018,Arsenal,Southampton,3,2,H,2,1,H,A Marriner,13,15,7,8,11,7,8,6,2,1,1,1
18,8/4/2018,Chelsea,West Ham,1,1,D,1,0,H,K Friend,23,5,6,2,7,11,10,6,0,1,0,0
18,14/04/18,Burnley,Leicester,2,1,H,2,0,H,M Atkinson,8,15,3,6,9,10,4,8,2,1,0,0
18,14/04/18,Crystal Palace,Brighton,3,2,H,3,2,H,A Marriner,15,12,8,3,12,16,5,6,3,2,0,0
18,14/04/18,Huddersfield,Watford,1,0,H,0,0,D,C Pawson,9,4,1,2,9,8,9,6,2,2,0,0
18,14/04/18,Liverpool,Bournemouth,3,0,H,1,0,H,C Kavanagh,20,6,7,1,9,9,7,5,1,1,0,0
18,14/04/18,Southampton,Chelsea,2,3,A,1,0,H,M Dean,10,17,7,5,13,14,4,7,5,3,0,0
18,14/04/18,Swansea,Everton,1,1,D,0,1,A,L Mason,17,12,7,3,10,11,6,3,1,1,0,0
18,14/04/18,Tottenham,Man City,1,3,A,1,2,A,J Moss,8,17,3,6,11,12,5,7,3,4,0,0
18,15/04/18,Man United,West Brom,0,1,A,0,0,D,P Tierney,14,10,4,4,8,13,4,4,1,1,0,0
18,15/04/18,Newcastle,Arsenal,2,1,H,1,1,D,A Taylor,8,15,4,3,11,9,2,5,1,0,0,0
18,16/04/18,West Ham,Stoke,1,1,D,0,0,D,M Oliver,18,11,6,7,15,21,10,1,2,3,0,0
18,17/04/18,Brighton,Tottenham,1,1,D,0,0,D,K Friend,8,16,5,6,6,5,3,4,1,0,0,0
18,18/04/18,Bournemouth,Man United,0,2,A,0,1,A,G Scott,13,13,2,4,9,8,8,5,3,1,0,0
18,19/04/18,Burnley,Chelsea,1,2,A,0,1,A,R Madley,5,16,2,5,9,11,3,2,1,0,0,0
18,19/04/18,Leicester,Southampton,0,0,D,0,0,D,R East,11,6,3,2,10,10,11,3,0,0,0,0
18,21/04/18,Watford,Crystal Palace,0,0,D,0,0,D,C Kavanagh,14,6,4,1,17,13,4,3,3,5,0,0
18,21/04/18,West Brom,Liverpool,2,2,D,0,1,A,S Attwell,13,9,6,3,12,5,7,4,0,1,0,0
18,22/04/18,Arsenal,West Ham,4,1,H,0,0,D,L Mason,20,11,8,4,11,9,8,6,3,2,0,0
18,22/04/18,Man City,Swansea,5,0,H,2,0,H,C Pawson,19,4,12,1,6,8,5,1,0,1,0,0
18,22/04/18,Stoke,Burnley,1,1,D,1,0,H,M Dean,8,16,3,7,15,5,3,8,2,1,0,0
18,23/04/18,Everton,Newcastle,1,0,H,0,0,D,R Madley,9,9,1,2,10,11,4,6,2,1,0,0
18,28/04/18,Burnley,Brighton,0,0,D,0,0,D,R East,10,9,4,1,5,17,3,4,0,2,0,0
18,28/04/18,Crystal Palace,Leicester,5,0,H,2,0,H,M Dean,15,6,9,1,11,9,8,2,1,1,0,1
18,28/04/18,Huddersfield,Everton,0,2,A,0,1,A,L Probert,9,7,2,5,9,8,4,3,1,0,0,0
18,28/04/18,Liverpool,Stoke,0,0,D,0,0,D,A Marriner,20,5,2,1,7,14,9,2,1,2,0,0
18,28/04/18,Newcastle,West Brom,0,1,A,0,1,A,D Coote,17,9,2,2,8,13,5,1,1,3,0,0
18,28/04/18,Southampton,Bournemouth,2,1,H,1,1,D,A Taylor,14,14,6,7,12,11,5,8,5,1,0,0
18,28/04/18,Swansea,Chelsea,0,1,A,0,1,A,J Moss,10,11,3,3,13,9,1,2,1,1,0,0
18,29/04/18,Man United,Arsenal,2,1,H,1,0,H,K Friend,17,8,3,3,12,7,9,0,0,1,0,0
18,29/04/18,West Ham,Man City,1,4,A,1,2,A,N Swarbrick,4,19,1,7,5,11,0,7,0,1,0,0
18,30/04/18,Tottenham,Watford,2,0,H,1,0,H,M Oliver,13,13,3,5,11,10,4,0,1,0,0,0
18,4/5/2018,Brighton,Man United,1,0,H,0,0,D,C Pawson,11,16,4,3,5,3,5,6,2,0,0,0
18,5/5/2018,Bournemouth,Swansea,1,0,H,1,0,H,K Friend,13,12,5,3,10,10,11,6,1,4,0,0
18,5/5/2018,Everton,Southampton,1,1,D,0,0,D,J Moss,9,11,3,5,14,12,3,4,2,4,0,1
18,5/5/2018,Leicester,West Ham,0,2,A,0,1,A,C Kavanagh,13,13,2,3,8,9,8,3,1,2,0,0
18,5/5/2018,Stoke,Crystal Palace,1,2,A,1,0,H,M Atkinson,7,13,2,2,18,12,1,7,5,2,0,0
18,5/5/2018,Watford,Newcastle,2,1,H,2,0,H,R East,11,9,8,1,9,11,2,5,2,1,0,0
18,5/5/2018,West Brom,Tottenham,1,0,H,0,0,D,M Jones,9,18,1,5,13,12,5,9,4,1,0,0
18,6/5/2018,Arsenal,Burnley,5,0,H,2,0,H,A Marriner,16,6,8,2,6,7,4,5,0,1,0,0
18,6/5/2018,Chelsea,Liverpool,1,0,H,1,0,H,A Taylor,12,10,4,5,12,9,3,1,3,2,0,0
18,6/5/2018,Man City,Huddersfield,0,0,D,0,0,D,M Dean,15,5,2,3,9,4,10,1,0,3,0,0
18,8/5/2018,Swansea,Southampton,0,1,A,0,0,D,M Oliver,11,13,3,8,7,15,7,6,2,1,0,0
18,9/5/2018,Chelsea,Huddersfield,1,1,D,0,0,D,L Mason,22,3,5,2,7,10,9,0,0,1,0,0
18,9/5/2018,Leicester,Arsenal,3,1,H,1,0,H,G Scott,19,14,10,7,7,12,6,6,2,2,0,1
18,9/5/2018,Man City,Brighton,3,1,H,2,1,H,P Tierney,19,6,7,3,5,7,4,3,0,1,0,0
18,9/5/2018,Tottenham,Newcastle,1,0,H,0,0,D,N Swarbrick,11,14,7,3,10,8,6,4,2,3,0,0
18,10/5/2018,West Ham,Man United,0,0,D,0,0,D,J Moss,9,16,2,6,12,12,1,6,1,1,0,0
18,13/05/18,Burnley,Bournemouth,1,2,A,1,0,H,P Tierney,12,16,4,5,14,9,7,8,0,0,0,0
18,13/05/18,Crystal Palace,West Brom,2,0,H,0,0,D,J Moss,11,7,5,1,10,11,4,2,2,3,0,0
18,13/05/18,Huddersfield,Arsenal,0,1,A,0,1,A,M Oliver,18,9,3,4,11,7,7,4,1,0,0,0
18,13/05/18,Liverpool,Brighton,4,0,H,2,0,H,K Friend,22,2,11,1,3,6,7,3,0,0,0,0
18,13/05/18,Man United,Watford,1,0,H,1,0,H,L Mason,7,7,1,3,6,11,6,5,4,0,0,0
18,13/05/18,Newcastle,Chelsea,3,0,H,1,0,H,M Atkinson,16,6,6,2,11,10,4,2,0,1,0,0
18,13/05/18,Southampton,Man City,0,1,A,0,0,D,A Marriner,8,13,3,2,8,10,1,12,3,1,0,0
18,13/05/18,Swansea,Stoke,1,2,A,1,2,A,A Taylor,26,8,11,5,12,9,6,0,1,2,0,0
18,13/05/18,Tottenham,Leicester,5,4,H,1,2,A,C Pawson,14,16,6,9,9,13,4,4,1,2,0,0
18,13/05/18,West Ham,Everton,3,1,H,1,0,H,G Scott,15,14,4,7,10,13,6,6,0,1,0,0
17,13/08/16,Burnley,Swansea,0,1,A,0,0,D,J Moss,10,17,3,9,10,14,7,4,3,2,0,0
17,13/08/16,Crystal Palace,West Brom,0,1,A,0,0,D,C Pawson,14,13,4,3,12,15,3,6,2,2,0,0
17,13/08/16,Everton,Tottenham,1,1,D,1,0,H,M Atkinson,12,13,6,4,10,14,5,6,0,0,0,0
17,13/08/16,Hull,Leicester,2,1,H,1,0,H,M Dean,14,18,5,5,8,17,5,3,2,2,0,0
17,13/08/16,Man City,Sunderland,2,1,H,1,0,H,R Madley,16,7,4,3,11,14,9,6,1,2,0,0
17,13/08/16,Middlesbrough,Stoke,1,1,D,1,0,H,K Friend,12,12,2,1,18,14,9,6,3,5,0,0
17,13/08/16,Southampton,Watford,1,1,D,0,1,A,R East,24,5,6,1,8,12,6,2,1,2,0,1
17,14/08/16,Arsenal,Liverpool,3,4,A,1,1,D,M Oliver,9,16,5,7,13,17,5,4,3,3,0,0
17,14/08/16,Bournemouth,Man United,1,3,A,0,1,A,A Marriner,9,11,3,7,7,10,4,2,0,1,0,0
17,15/08/16,Chelsea,West Ham,2,1,H,0,0,D,A Taylor,16,7,6,3,16,16,7,1,5,2,0,0
17,19/08/16,Man United,Southampton,2,0,H,1,0,H,A Taylor,12,13,5,1,11,8,4,0,0,0,0,0
17,20/08/16,Burnley,Liverpool,2,0,H,2,0,H,L Mason,3,26,2,5,14,5,1,12,0,1,0,0
17,20/08/16,Leicester,Arsenal,0,0,D,0,0,D,M Clattenburg,8,13,1,4,11,7,2,7,1,2,0,0
17,20/08/16,Stoke,Man City,1,4,A,0,2,A,M Dean,8,12,3,6,12,13,7,7,3,4,0,0
17,20/08/16,Swansea,Hull,0,2,A,0,0,D,S Attwell,13,12,3,4,7,10,8,3,0,0,0,0
17,20/08/16,Tottenham,Crystal Palace,1,0,H,0,0,D,M Oliver,20,10,5,2,19,9,10,4,3,3,0,0
17,20/08/16,Watford,Chelsea,1,2,A,0,0,D,J Moss,6,13,2,4,20,10,0,5,4,3,0,0
17,20/08/16,West Brom,Everton,1,2,A,1,1,D,N Swarbrick,11,13,4,7,16,10,7,4,3,1,0,0
17,21/08/16,Sunderland,Middlesbrough,1,2,A,0,2,A,M Atkinson,18,8,5,3,11,14,8,1,1,1,0,0
17,21/08/16,West Ham,Bournemouth,1,0,H,0,0,D,C Pawson,15,8,2,5,15,15,1,6,3,1,0,1
17,27/08/16,Chelsea,Burnley,3,0,H,2,0,H,M Clattenburg,22,6,10,0,6,9,9,5,2,2,0,0
17,27/08/16,Crystal Palace,Bournemouth,1,1,D,0,1,A,M Dean,24,10,5,3,15,10,10,4,2,1,0,0
17,27/08/16,Everton,Stoke,1,0,H,0,0,D,M Oliver,21,8,9,1,14,11,9,2,2,1,0,0
17,27/08/16,Hull,Man United,0,1,A,0,0,D,J Moss,8,29,2,9,9,6,1,6,2,3,0,0
17,27/08/16,Leicester,Swansea,2,1,H,1,0,H,R East,13,9,6,3,14,10,4,6,2,2,0,0
17,27/08/16,Southampton,Sunderland,1,1,D,0,0,D,L Mason,16,5,7,2,15,8,5,5,2,2,0,0
17,27/08/16,Tottenham,Liverpool,1,1,D,0,1,A,R Madley,11,13,4,3,11,17,5,5,3,5,0,0
17,27/08/16,Watford,Arsenal,1,3,A,0,3,A,K Friend,14,10,6,7,18,15,3,2,6,1,0,0
17,28/08/16,Man City,West Ham,3,1,H,2,0,H,A Marriner,22,9,5,2,5,10,5,4,1,3,0,0
17,28/08/16,West Brom,Middlesbrough,0,0,D,0,0,D,A Taylor,13,7,2,2,12,11,5,4,1,3,0,0
17,10/9/2016,Arsenal,Southampton,2,1,H,1,1,D,R Madley,17,11,2,5,10,8,6,1,2,5,0,0
17,10/9/2016,Bournemouth,West Brom,1,0,H,0,0,D,K Friend,12,12,5,2,9,11,10,5,1,3,0,0
17,10/9/2016,Burnley,Hull,1,1,D,0,0,D,P Tierney,13,11,2,3,13,3,5,9,2,0,0,0
17,10/9/2016,Liverpool,Leicester,4,1,H,2,1,H,C Pawson,17,12,11,3,4,8,1,7,1,2,0,0
17,10/9/2016,Man United,Man City,1,2,A,1,2,A,M Clattenburg,14,18,3,6,15,10,4,4,4,2,0,0
17,10/9/2016,Middlesbrough,Crystal Palace,1,2,A,1,1,D,N Swarbrick,12,12,4,4,5,9,6,6,1,2,0,0
17,10/9/2016,Stoke,Tottenham,0,4,A,0,1,A,A Taylor,15,20,2,8,13,18,10,8,3,2,0,0
17,10/9/2016,West Ham,Watford,2,4,A,2,2,D,M Atkinson,19,13,4,8,10,15,4,4,2,2,0,0
17,11/9/2016,Swansea,Chelsea,2,2,D,0,1,A,A Marriner,6,28,2,7,17,8,1,11,3,4,0,0
17,12/9/2016,Sunderland,Everton,0,3,A,0,0,D,M Jones,11,20,2,9,11,8,5,4,1,1,0,0
17,16/09/16,Chelsea,Liverpool,1,2,A,0,2,A,M Atkinson,12,13,4,5,6,13,6,4,1,1,0,0
17,17/09/16,Everton,Middlesbrough,3,1,H,3,1,H,L Mason,11,7,6,0,5,15,6,3,2,1,0,0
17,17/09/16,Hull,Arsenal,1,4,A,0,1,A,R East,6,24,2,9,9,12,2,4,0,2,1,0
17,17/09/16,Leicester,Burnley,3,0,H,1,0,H,A Taylor,14,7,6,2,10,9,7,1,0,1,0,0
17,17/09/16,Man City,Bournemouth,4,0,H,2,0,H,J Moss,20,6,12,2,8,11,5,5,1,1,1,0
17,17/09/16,West Brom,West Ham,4,2,H,3,0,H,M Clattenburg,8,23,6,5,14,6,2,6,2,1,0,0
17,18/09/16,Crystal Palace,Stoke,4,1,H,2,0,H,C Pawson,14,11,8,4,15,9,10,5,2,1,0,0
17,18/09/16,Southampton,Swansea,1,0,H,0,0,D,M Jones,19,9,6,3,14,9,7,1,1,1,0,0
17,18/09/16,Tottenham,Sunderland,1,0,H,0,0,D,M Dean,31,6,9,2,7,16,14,1,1,5,0,1
17,18/09/16,Watford,Man United,3,1,H,1,0,H,M Oliver,10,15,5,2,14,19,5,7,3,4,0,0
17,24/09/16,Arsenal,Chelsea,3,0,H,3,0,H,M Oliver,14,9,5,2,9,11,9,1,0,2,0,0
17,24/09/16,Bournemouth,Everton,1,0,H,1,0,H,R Madley,12,13,1,2,10,14,5,3,2,2,0,0
17,24/09/16,Liverpool,Hull,5,1,H,3,0,H,A Marriner,32,2,12,1,8,8,13,2,1,2,0,1
17,24/09/16,Man United,Leicester,4,1,H,4,0,H,M Dean,16,10,7,3,9,12,8,6,0,2,0,0
17,24/09/16,Middlesbrough,Tottenham,1,2,A,0,2,A,G Scott,6,19,2,5,14,9,2,10,2,1,0,0
17,24/09/16,Stoke,West Brom,1,1,D,0,0,D,M Atkinson,12,9,2,3,9,13,6,6,3,4,0,0
17,24/09/16,Sunderland,Crystal Palace,2,3,A,1,0,H,A Taylor,11,20,4,4,15,12,3,5,0,2,0,0
17,24/09/16,Swansea,Man City,1,3,A,1,1,D,N Swarbrick,13,18,5,4,15,9,2,7,2,4,0,0
17,25/09/16,West Ham,Southampton,0,3,A,0,1,A,J Moss,13,18,1,9,9,14,6,2,5,2,0,0
17,26/09/16,Burnley,Watford,2,0,H,1,0,H,M Jones,13,12,4,3,11,15,7,6,1,3,0,0
17,30/09/16,Everton,Crystal Palace,1,1,D,1,0,H,J Moss,13,10,3,2,16,11,10,9,5,4,0,0
17,1/10/2016,Hull,Chelsea,0,2,A,0,0,D,A Taylor,8,22,3,9,13,15,5,7,2,2,0,0
17,1/10/2016,Sunderland,West Brom,1,1,D,0,1,A,S Attwell,7,17,2,7,7,13,6,5,1,3,0,0
17,1/10/2016,Swansea,Liverpool,1,2,A,1,0,H,M Oliver,8,18,3,6,11,9,3,10,2,2,0,0
17,1/10/2016,Watford,Bournemouth,2,2,D,0,1,A,M Dean,17,11,7,2,17,12,4,5,3,4,0,0
17,1/10/2016,West Ham,Middlesbrough,1,1,D,0,0,D,N Swarbrick,19,9,2,3,13,12,4,5,2,3,0,0
17,2/10/2016,Burnley,Arsenal,0,1,A,0,0,D,C Pawson,10,18,1,3,2,3,2,6,0,0,0,0
17,2/10/2016,Leicester,Southampton,0,0,D,0,0,D,M Atkinson,9,11,1,5,9,9,3,6,1,0,0,0
17,2/10/2016,Man United,Stoke,1,1,D,0,0,D,R Madley,24,7,9,6,14,9,13,2,3,0,0,0
17,2/10/2016,Tottenham,Man City,2,0,H,2,0,H,A Marriner,13,12,7,6,20,10,4,3,2,2,0,0
17,15/10/16,Arsenal,Swansea,3,2,H,2,1,H,J Moss,16,13,6,6,7,10,5,6,0,1,1,0
17,15/10/16,Bournemouth,Hull,6,1,H,3,1,H,L Mason,22,11,10,4,8,14,5,4,0,3,0,0
17,15/10/16,Chelsea,Leicester,3,0,H,2,0,H,A Marriner,16,5,6,0,6,12,8,5,1,1,0,0
17,15/10/16,Crystal Palace,West Ham,0,1,A,0,1,A,M Atkinson,12,12,3,4,12,13,7,6,1,3,0,1
17,15/10/16,Man City,Everton,1,1,D,0,0,D,M Oliver,19,3,8,2,7,9,13,1,0,2,0,0
17,15/10/16,Stoke,Sunderland,2,0,H,2,0,H,M Jones,18,11,6,1,10,13,6,4,1,1,0,0
17,15/10/16,West Brom,Tottenham,1,1,D,0,0,D,K Friend,8,20,4,8,14,10,5,8,2,2,0,0
17,16/10/16,Middlesbrough,Watford,0,1,A,0,0,D,R East,10,4,3,2,15,10,4,6,4,1,0,0
17,16/10/16,Southampton,Burnley,3,1,H,0,0,D,M Dean,34,6,14,1,11,10,8,4,1,2,0,0
17,17/10/16,Liverpool,Man United,0,0,D,0,0,D,A Taylor,9,7,3,1,14,20,3,1,0,4,0,0
17,22/10/16,Arsenal,Middlesbrough,0,0,D,0,0,D,M Dean,9,11,5,4,6,13,8,3,1,0,0,0
17,22/10/16,Bournemouth,Tottenham,0,0,D,0,0,D,C Pawson,8,16,1,4,10,15,7,4,2,4,0,0
17,22/10/16,Burnley,Everton,2,1,H,1,0,H,M Jones,9,20,3,8,16,15,2,8,2,3,0,0
17,22/10/16,Hull,Stoke,0,2,A,0,1,A,K Friend,9,12,2,6,16,8,5,7,2,3,0,0
17,22/10/16,Leicester,Crystal Palace,3,1,H,1,0,H,M Oliver,17,23,4,7,10,8,8,8,0,0,0,0
17,22/10/16,Liverpool,West Brom,2,1,H,2,0,H,N Swarbrick,21,6,7,1,9,13,3,2,1,3,0,0
17,22/10/16,Swansea,Watford,0,0,D,0,0,D,P Tierney,11,10,5,2,15,16,7,2,2,1,0,0
17,22/10/16,West Ham,Sunderland,1,0,H,0,0,D,R Madley,20,10,3,2,10,13,6,2,2,5,0,0
17,23/10/16,Chelsea,Man United,4,0,H,2,0,H,M Atkinson,14,16,6,5,7,17,5,7,3,2,0,0
17,23/10/16,Man City,Southampton,1,1,D,0,1,A,M Clattenburg,14,6,3,2,11,10,10,3,3,3,0,0
17,29/10/16,Crystal Palace,Liverpool,2,4,A,2,3,A,A Marriner,7,17,6,10,15,5,3,3,1,2,0,0
17,29/10/16,Man United,Burnley,0,0,D,0,0,D,M Clattenburg,37,7,11,1,12,9,19,1,1,3,1,0
17,29/10/16,Middlesbrough,Bournemouth,2,0,H,1,0,H,S Attwell,10,15,3,3,3,5,4,7,1,1,0,0
17,29/10/16,Sunderland,Arsenal,1,4,A,0,1,A,M Atkinson,3,21,1,7,9,13,0,8,4,3,0,0
17,29/10/16,Tottenham,Leicester,1,1,D,1,0,H,R Madley,22,6,5,1,11,20,8,1,3,4,0,0
17,29/10/16,Watford,Hull,1,0,H,0,0,D,J Moss,22,8,0,2,13,8,7,2,1,2,0,0
17,29/10/16,West Brom,Man City,0,4,A,0,2,A,L Mason,9,21,1,8,17,10,1,7,4,3,0,0
17,30/10/16,Everton,West Ham,2,0,H,0,0,D,A Taylor,17,13,6,3,15,12,8,8,2,3,0,0
17,30/10/16,Southampton,Chelsea,0,2,A,0,1,A,M Jones,9,13,1,7,13,16,7,3,0,0,0,0
17,31/10/16,Stoke,Swansea,3,1,H,1,1,D,M Oliver,17,14,4,6,7,14,6,4,2,0,0,0
17,5/11/2016,Bournemouth,Sunderland,1,2,A,1,1,D,M Dean,22,9,7,4,14,17,12,2,3,2,0,1
17,5/11/2016,Burnley,Crystal Palace,3,2,H,2,0,H,A Taylor,14,16,7,5,11,12,4,7,1,2,0,0
17,5/11/2016,Chelsea,Everton,5,0,H,3,0,H,R Madley,21,1,9,0,5,16,4,2,0,3,0,0
17,5/11/2016,Man City,Middlesbrough,1,1,D,1,0,H,K Friend,25,5,7,3,7,15,8,2,1,3,0,0
17,5/11/2016,West Ham,Stoke,1,1,D,0,0,D,A Marriner,9,12,2,4,11,10,6,4,4,1,0,0
17,6/11/2016,Arsenal,Tottenham,1,1,D,1,0,H,M Clattenburg,15,10,2,3,11,17,7,2,1,2,0,0
17,6/11/2016,Hull,Southampton,2,1,H,0,1,A,G Scott,6,19,2,7,13,15,1,10,0,5,0,0
17,6/11/2016,Leicester,West Brom,1,2,A,0,0,D,C Pawson,5,11,2,5,8,8,5,6,0,2,0,0
17,6/11/2016,Liverpool,Watford,6,1,H,3,0,H,M Oliver,28,11,17,8,14,10,6,3,1,2,0,0
17,6/11/2016,Swansea,Man United,1,3,A,0,3,A,N Swarbrick,6,9,1,3,9,16,2,0,0,2,0,0
17,19/11/16,Crystal Palace,Man City,1,2,A,0,1,A,R Madley,9,10,2,4,12,15,2,7,1,2,0,0
17,19/11/16,Everton,Swansea,1,1,D,0,1,A,M Atkinson,14,5,6,3,13,12,10,3,4,2,0,0
17,19/11/16,Man United,Arsenal,1,1,D,0,0,D,A Marriner,12,5,5,1,14,11,10,4,3,3,0,0
17,19/11/16,Southampton,Liverpool,0,0,D,0,0,D,M Clattenburg,3,15,0,2,8,11,1,8,1,1,0,0
17,19/11/16,Stoke,Bournemouth,0,1,A,0,1,A,R East,14,9,6,2,17,10,3,4,3,2,0,0
17,19/11/16,Sunderland,Hull,3,0,H,1,0,H,L Mason,11,17,4,7,9,8,2,8,1,0,1,0
17,19/11/16,Tottenham,West Ham,3,2,H,0,1,A,M Dean,14,11,6,3,13,16,4,5,3,2,0,1
17,19/11/16,Watford,Leicester,2,1,H,2,1,H,N Swarbrick,10,10,3,2,12,18,4,6,2,3,0,0
17,20/11/16,Middlesbrough,Chelsea,0,1,A,0,1,A,J Moss,12,13,1,3,13,10,2,3,2,3,0,0
17,21/11/16,West Brom,Burnley,4,0,H,3,0,H,M Jones,16,5,6,2,12,12,4,3,0,0,0,0
17,26/11/16,Burnley,Man City,1,2,A,1,1,D,A Marriner,10,21,5,5,5,15,5,8,2,3,0,0
17,26/11/16,Chelsea,Tottenham,2,1,H,1,1,D,M Oliver,9,12,5,6,13,16,3,8,2,1,0,0
17,26/11/16,Hull,West Brom,1,1,D,0,1,A,P Tierney,10,11,4,2,7,10,2,6,3,2,0,0
17,26/11/16,Leicester,Middlesbrough,2,2,D,1,1,D,L Mason,11,6,3,2,15,12,2,3,4,4,0,0
17,26/11/16,Liverpool,Sunderland,2,0,H,0,0,D,A Taylor,27,6,7,1,5,9,9,4,1,3,0,0
17,26/11/16,Swansea,Crystal Palace,5,4,H,1,1,D,K Friend,18,12,9,4,12,24,10,6,4,5,0,0
17,27/11/16,Arsenal,Bournemouth,3,1,H,1,1,D,M Jones,16,9,3,3,12,13,3,10,3,5,0,0
17,27/11/16,Man United,West Ham,1,1,D,1,1,D,J Moss,17,6,8,2,16,16,8,4,3,1,0,0
17,27/11/16,Southampton,Everton,1,0,H,1,0,H,C Pawson,17,13,7,1,11,15,5,2,0,2,0,0
17,27/11/16,Watford,Stoke,0,1,A,0,1,A,R Madley,11,14,2,1,24,14,3,3,3,0,1,0
17,3/12/2016,Crystal Palace,Southampton,3,0,H,2,0,H,N Swarbrick,9,17,4,3,11,13,4,9,3,1,0,0
17,3/12/2016,Man City,Chelsea,1,3,A,1,0,H,A Taylor,14,10,5,4,14,9,9,2,2,3,2,0
17,3/12/2016,Stoke,Burnley,2,0,H,2,0,H,M Clattenburg,10,14,4,4,7,13,4,9,3,2,0,0
17,3/12/2016,Sunderland,Leicester,2,1,H,0,0,D,A Marriner,22,17,6,5,8,12,3,4,3,1,0,0
17,3/12/2016,Tottenham,Swansea,5,0,H,2,0,H,J Moss,28,1,15,0,11,17,5,0,0,4,0,0
17,3/12/2016,West Brom,Watford,3,1,H,2,0,H,G Scott,11,17,3,5,12,8,3,4,2,1,0,1
17,3/12/2016,West Ham,Arsenal,1,5,A,0,1,A,C Pawson,10,19,3,10,10,11,3,2,3,3,0,0
17,4/12/2016,Bournemouth,Liverpool,4,3,H,0,2,A,R Madley,12,10,8,3,9,17,4,9,2,2,0,0
17,4/12/2016,Everton,Man United,1,1,D,0,1,A,M Oliver,13,10,6,2,13,11,6,3,2,3,0,0
17,5/12/2016,Middlesbrough,Hull,1,0,H,0,0,D,M Dean,16,6,4,2,6,11,13,7,1,1,0,0
17,10/12/2016,Arsenal,Stoke,3,1,H,1,1,D,L Mason,21,12,6,5,9,6,7,7,0,0,0,0
17,10/12/2016,Burnley,Bournemouth,3,2,H,2,1,H,M Atkinson,16,17,7,4,14,18,4,11,2,2,0,0
17,10/12/2016,Hull,Crystal Palace,3,3,D,1,0,H,M Jones,15,14,6,6,16,14,4,7,2,4,0,0
17,10/12/2016,Leicester,Man City,4,2,H,3,0,H,M Oliver,10,19,6,4,10,7,3,11,2,1,0,0
17,10/12/2016,Swansea,Sunderland,3,0,H,0,0,D,C Pawson,14,11,5,2,10,8,7,4,1,2,0,0
17,10/12/2016,Watford,Everton,3,2,H,1,1,D,A Taylor,11,11,6,4,11,16,2,4,2,2,0,0
17,11/12/2016,Chelsea,West Brom,1,0,H,0,0,D,M Dean,12,6,2,1,6,10,3,1,2,4,0,0
17,11/12/2016,Liverpool,West Ham,2,2,D,1,2,A,M Clattenburg,18,7,3,3,7,8,11,4,2,0,0,0
17,11/12/2016,Man United,Tottenham,1,0,H,1,0,H,R Madley,15,12,5,4,19,17,3,8,3,3,0,0
17,11/12/2016,Southampton,Middlesbrough,1,0,H,0,0,D,S Attwell,14,6,3,2,14,12,4,2,4,3,0,0
17,13/12/16,Bournemouth,Leicester,1,0,H,1,0,H,P Tierney,9,12,3,4,5,15,4,11,0,3,0,0
17,13/12/16,Everton,Arsenal,2,1,H,1,1,D,M Clattenburg,14,9,4,3,10,10,8,3,1,1,1,0
17,14/12/16,Crystal Palace,Man United,1,2,A,0,1,A,C Pawson,6,16,3,6,16,10,1,8,2,2,0,0
17,14/12/16,Man City,Watford,2,0,H,1,0,H,K Friend,13,5,7,2,16,20,5,2,1,2,0,0
17,14/12/16,Middlesbrough,Liverpool,0,3,A,0,1,A,J Moss,8,15,3,4,11,14,5,2,1,0,0,0
17,14/12/16,Stoke,Southampton,0,0,D,0,0,D,A Taylor,5,15,3,4,9,10,3,11,1,2,1,0
17,14/12/16,Sunderland,Chelsea,0,1,A,0,1,A,N Swarbrick,8,19,3,6,15,10,5,5,3,2,0,0
17,14/12/16,Tottenham,Hull,3,0,H,1,0,H,A Marriner,27,10,9,5,6,14,5,5,0,2,0,0
17,14/12/16,West Brom,Swansea,3,1,H,0,0,D,M Oliver,13,8,4,4,8,8,0,11,0,0,0,0
17,14/12/16,West Ham,Burnley,1,0,H,1,0,H,R Madley,20,8,7,2,12,15,6,1,0,2,0,0
17,17/12/16,Crystal Palace,Chelsea,0,1,A,0,1,A,J Moss,6,13,2,6,12,15,5,3,2,3,0,0
17,17/12/16,Middlesbrough,Swansea,3,0,H,2,0,H,N Swarbrick,10,14,4,2,10,11,3,8,1,0,0,0
17,17/12/16,Stoke,Leicester,2,2,D,2,0,H,C Pawson,16,14,7,8,9,12,9,9,2,6,0,1
17,17/12/16,Sunderland,Watford,1,0,H,0,0,D,R Madley,12,9,4,4,10,9,4,11,1,2,0,0
17,17/12/16,West Brom,Man United,0,2,A,0,1,A,A Taylor,10,10,1,5,9,13,2,3,3,3,0,0
17,17/12/16,West Ham,Hull,1,0,H,0,0,D,L Mason,18,16,6,5,13,9,10,6,2,4,0,0
17,18/12/16,Bournemouth,Southampton,1,3,A,1,1,D,M Clattenburg,10,14,5,8,6,12,7,4,0,2,0,0
17,18/12/16,Man City,Arsenal,2,1,H,0,1,A,M Atkinson,14,6,5,1,9,13,8,1,4,2,0,0
17,18/12/16,Tottenham,Burnley,2,1,H,1,1,D,K Friend,30,5,9,2,10,11,11,2,1,2,0,0
17,19/12/16,Everton,Liverpool,0,1,A,0,0,D,M Dean,6,11,1,4,13,9,1,6,3,1,0,0
17,26/12/16,Arsenal,West Brom,1,0,H,0,0,D,N Swarbrick,26,3,11,1,11,7,6,5,2,1,0,0
17,26/12/16,Burnley,Middlesbrough,1,0,H,0,0,D,C Pawson,6,8,4,2,17,18,7,3,6,5,0,0
17,26/12/16,Chelsea,Bournemouth,3,0,H,1,0,H,M Jones,14,7,4,3,13,14,5,5,1,1,0,0
17,26/12/16,Hull,Man City,0,3,A,0,0,D,R Madley,10,16,3,6,11,14,4,7,1,0,0,0
17,26/12/16,Leicester,Everton,0,2,A,0,0,D,S Attwell,7,8,2,3,14,7,3,4,3,0,0,0
17,26/12/16,Man United,Sunderland,3,1,H,1,0,H,M Atkinson,26,7,9,4,6,9,5,5,1,1,0,0
17,26/12/16,Swansea,West Ham,1,4,A,0,1,A,A Marriner,14,14,7,7,10,12,8,4,0,0,0,0
17,26/12/16,Watford,Crystal Palace,1,1,D,0,1,A,M Clattenburg,9,10,3,4,18,17,7,3,2,4,0,0
17,27/12/16,Liverpool,Stoke,4,1,H,2,1,H,M Oliver,20,6,6,2,9,6,8,2,0,1,0,0
17,28/12/16,Southampton,Tottenham,1,4,A,1,1,D,M Dean,9,17,2,5,7,16,2,10,1,4,1,0
17,30/12/16,Hull,Everton,2,2,D,1,1,D,J Moss,13,20,4,7,10,13,5,5,2,2,0,0
17,31/12/16,Burnley,Sunderland,4,1,H,1,0,H,G Scott,16,11,6,3,10,8,6,2,1,1,0,0
17,31/12/16,Chelsea,Stoke,4,2,H,1,0,H,R Madley,18,5,7,2,12,10,8,3,3,2,0,0
17,31/12/16,Leicester,West Ham,1,0,H,1,0,H,A Taylor,12,25,4,5,11,8,7,7,5,3,0,0
17,31/12/16,Liverpool,Man City,1,0,H,1,0,H,C Pawson,5,9,1,2,12,12,4,6,2,1,0,0
17,31/12/16,Man United,Middlesbrough,2,1,H,0,0,D,L Mason,32,9,12,2,9,14,12,2,1,1,0,0
17,31/12/16,Southampton,West Brom,1,2,A,1,1,D,M Jones,10,7,1,3,13,17,8,3,1,3,1,0
17,31/12/16,Swansea,Bournemouth,0,3,A,0,2,A,K Friend,14,11,5,6,14,9,4,3,2,0,0,0
17,1/1/2017,Arsenal,Crystal Palace,2,0,H,1,0,H,A Marriner,22,7,7,4,9,7,8,4,1,1,0,0
17,1/1/2017,Watford,Tottenham,1,4,A,0,3,A,M Oliver,6,19,2,6,11,6,0,3,3,0,0,0
17,2/1/2017,Everton,Southampton,3,0,H,0,0,D,K Friend,17,12,6,3,5,14,10,8,0,1,0,0
17,2/1/2017,Man City,Burnley,2,1,H,0,0,D,L Mason,14,11,3,3,11,11,8,8,4,3,1,0
17,2/1/2017,Middlesbrough,Leicester,0,0,D,0,0,D,R Madley,9,10,1,4,10,9,2,2,3,0,0,0
17,2/1/2017,Sunderland,Liverpool,2,2,D,1,1,D,A Taylor,10,21,5,15,10,10,2,5,2,3,0,0
17,2/1/2017,West Brom,Hull,3,1,H,0,1,A,M Clattenburg,8,17,5,6,5,4,7,9,0,0,0,0
17,2/1/2017,West Ham,Man United,0,2,A,0,0,D,M Dean,8,13,2,6,9,13,2,1,1,2,1,0
17,3/1/2017,Bournemouth,Arsenal,3,3,D,2,0,H,M Oliver,12,14,6,4,10,12,4,7,3,3,1,0
17,3/1/2017,Crystal Palace,Swansea,1,2,A,0,1,A,P Tierney,7,11,3,4,13,14,4,5,2,1,0,0
17,3/1/2017,Stoke,Watford,2,0,H,1,0,H,N Swarbrick,17,9,5,2,10,15,7,6,1,2,0,0
17,4/1/2017,Tottenham,Chelsea,2,0,H,1,0,H,M Atkinson,9,11,2,2,9,8,1,6,3,2,0,0
17,14/01/17,Burnley,Southampton,1,0,H,0,0,D,P Tierney,9,20,3,5,14,14,2,7,1,2,0,0
17,14/01/17,Hull,Bournemouth,3,1,H,1,1,D,M Atkinson,14,8,3,6,13,11,4,5,0,1,0,0
17,14/01/17,Leicester,Chelsea,0,3,A,0,1,A,A Marriner,7,8,2,3,8,9,3,5,1,0,0,0
17,14/01/17,Sunderland,Stoke,1,3,A,1,3,A,M Dean,14,14,3,6,16,11,5,2,3,1,0,0
17,14/01/17,Swansea,Arsenal,0,4,A,0,1,A,M Jones,12,14,3,6,12,8,3,2,2,0,0,0
17,14/01/17,Tottenham,West Brom,4,0,H,2,0,H,A Taylor,21,3,11,0,11,12,8,0,0,2,0,0
17,14/01/17,Watford,Middlesbrough,0,0,D,0,0,D,J Moss,12,5,5,1,15,15,3,1,3,1,0,0
17,14/01/17,West Ham,Crystal Palace,3,0,H,0,0,D,N Swarbrick,14,10,3,1,10,14,2,2,4,2,0,0
17,15/01/17,Everton,Man City,4,0,H,1,0,H,M Clattenburg,6,13,4,5,17,7,3,6,2,2,0,0
17,15/01/17,Man United,Liverpool,1,1,D,0,1,A,M Oliver,9,13,3,4,17,13,5,7,1,3,0,0
17,21/01/17,Bournemouth,Watford,2,2,D,0,1,A,L Mason,15,10,5,3,6,16,9,4,1,1,0,0
17,21/01/17,Crystal Palace,Everton,0,1,A,0,0,D,A Taylor,8,16,2,8,10,15,8,7,0,1,0,0
17,21/01/17,Liverpool,Swansea,2,3,A,0,0,D,K Friend,16,6,5,3,7,7,6,3,1,1,0,0
17,21/01/17,Man City,Tottenham,2,2,D,0,0,D,A Marriner,17,6,7,2,10,7,5,4,2,4,0,0
17,21/01/17,Middlesbrough,West Ham,1,3,A,1,2,A,M Atkinson,11,13,2,5,7,14,7,5,2,1,0,0
17,21/01/17,Stoke,Man United,1,1,D,1,0,H,M Clattenburg,6,25,1,8,12,13,1,7,4,0,0,0
17,21/01/17,West Brom,Sunderland,2,0,H,2,0,H,C Pawson,14,9,5,3,15,12,1,4,1,1,0,0
17,22/01/17,Arsenal,Burnley,2,1,H,0,0,D,J Moss,24,13,8,7,12,11,10,4,1,3,1,0
17,22/01/17,Chelsea,Hull,2,0,H,1,0,H,N Swarbrick,9,9,5,4,12,10,9,7,1,3,0,0
17,22/01/17,Southampton,Leicester,3,0,H,2,0,H,M Oliver,20,11,7,2,8,10,7,2,0,1,0,0
17,31/01/17,Arsenal,Watford,1,2,A,0,2,A,A Marriner,20,10,5,6,12,15,9,5,3,3,0,0
17,31/01/17,Bournemouth,Crystal Palace,0,2,A,0,0,D,J Moss,10,11,2,4,14,23,2,3,0,4,0,0
17,31/01/17,Burnley,Leicester,1,0,H,0,0,D,M Dean,24,13,3,5,4,8,10,2,1,0,0,0
17,31/01/17,Liverpool,Chelsea,1,1,D,0,1,A,M Clattenburg,7,8,3,2,13,8,3,3,2,1,0,0
17,31/01/17,Middlesbrough,West Brom,1,1,D,1,1,D,S Attwell,11,16,3,5,12,13,4,2,2,1,0,0
17,31/01/17,Sunderland,Tottenham,0,0,D,0,0,D,L Mason,3,14,1,3,9,13,2,12,2,1,0,0
17,31/01/17,Swansea,Southampton,2,1,H,1,0,H,R East,11,10,5,2,10,19,5,4,2,0,0,0
17,1/2/2017,Man United,Hull,0,0,D,0,0,D,M Jones,15,6,6,2,20,16,7,1,1,4,0,0
17,1/2/2017,Stoke,Everton,1,1,D,1,1,D,C Pawson,14,14,7,5,21,12,5,5,1,0,0,0
17,1/2/2017,West Ham,Man City,0,4,A,0,3,A,K Friend,6,11,1,4,11,14,2,4,3,3,0,0
17,4/2/2017,Chelsea,Arsenal,3,1,H,1,0,H,M Atkinson,13,9,6,5,14,8,10,13,1,1,0,0
17,4/2/2017,Crystal Palace,Sunderland,0,4,A,0,4,A,A Marriner,21,10,9,7,8,8,6,1,3,3,0,0
17,4/2/2017,Everton,Bournemouth,6,3,H,3,0,H,M Jones,15,18,10,8,14,4,4,8,3,1,0,0
17,4/2/2017,Hull,Liverpool,2,0,H,1,0,H,L Mason,7,22,4,5,9,12,1,15,2,1,0,0
17,4/2/2017,Southampton,West Ham,1,3,A,1,2,A,G Scott,21,6,7,4,12,15,3,2,0,2,0,0
17,4/2/2017,Tottenham,Middlesbrough,1,0,H,0,0,D,M Clattenburg,17,8,5,0,8,11,11,2,0,1,0,0
17,4/2/2017,Watford,Burnley,2,1,H,2,0,H,M Oliver,16,11,7,7,12,10,3,6,5,0,0,1
17,4/2/2017,West Brom,Stoke,1,0,H,1,0,H,K Friend,16,12,4,2,6,13,5,6,2,2,0,0
17,5/2/2017,Leicester,Man United,0,3,A,0,2,A,A Taylor,11,15,1,9,12,13,10,3,2,4,0,0
17,5/2/2017,Man City,Swansea,2,1,H,1,0,H,M Dean,17,4,5,2,9,13,10,3,2,3,0,0
17,11/2/2017,Arsenal,Hull,2,0,H,1,0,H,M Clattenburg,17,9,7,4,12,9,3,8,3,1,0,1
17,11/2/2017,Liverpool,Tottenham,2,0,H,2,0,H,A Taylor,17,7,9,2,14,14,10,3,3,4,0,0
17,11/2/2017,Man United,Watford,2,0,H,1,0,H,R Madley,22,9,11,3,10,12,5,1,1,0,0,0
17,11/2/2017,Middlesbrough,Everton,0,0,D,0,0,D,M Dean,9,7,3,3,14,9,5,2,2,0,0,0
17,11/2/2017,Stoke,Crystal Palace,1,0,H,0,0,D,M Atkinson,7,6,4,1,10,14,5,5,1,3,0,0
17,11/2/2017,Sunderland,Southampton,0,4,A,0,2,A,P Tierney,6,15,1,8,12,14,6,2,1,0,0,0
17,11/2/2017,West Ham,West Brom,2,2,D,0,1,A,M Oliver,16,8,4,3,7,14,7,5,3,2,0,0
17,12/2/2017,Burnley,Chelsea,1,1,D,1,1,D,K Friend,6,13,4,2,12,11,1,1,3,2,0,0
17,12/2/2017,Swansea,Leicester,2,0,H,2,0,H,J Moss,10,9,4,1,7,14,7,3,2,2,0,0
17,13/02/17,Bournemouth,Man City,0,2,A,0,1,A,N Swarbrick,5,17,1,5,8,11,3,7,2,3,0,0
17,25/02/17,Chelsea,Swansea,3,1,H,1,1,D,N Swarbrick,16,3,5,2,11,14,8,1,1,3,0,0
17,25/02/17,Crystal Palace,Middlesbrough,1,0,H,1,0,H,R Madley,15,11,3,4,13,15,4,2,3,1,0,0
17,25/02/17,Everton,Sunderland,2,0,H,1,0,H,S Attwell,20,10,8,1,10,16,10,6,0,2,0,0
17,25/02/17,Hull,Burnley,1,1,D,0,0,D,M Atkinson,15,10,1,3,8,13,6,3,1,1,0,1
17,25/02/17,Watford,West Ham,1,1,D,1,0,H,C Pawson,9,13,1,2,18,14,4,6,4,1,0,1
17,25/02/17,West Brom,Bournemouth,2,1,H,2,1,H,M Clattenburg,13,12,4,4,12,5,8,6,2,0,0,0
17,26/02/17,Tottenham,Stoke,4,0,H,4,0,H,J Moss,21,5,9,3,11,14,8,5,2,3,0,0
17,27/02/17,Leicester,Liverpool,3,1,H,2,0,H,M Oliver,13,17,7,7,8,5,5,12,0,0,0,0
17,4/3/2017,Leicester,Hull,3,1,H,1,1,D,M Dean,17,10,5,4,12,13,10,4,1,1,0,0
17,4/3/2017,Liverpool,Arsenal,3,1,H,2,0,H,R Madley,18,7,7,3,8,15,9,3,1,2,0,0
17,4/3/2017,Man United,Bournemouth,1,1,D,1,1,D,K Friend,20,3,7,1,9,11,15,2,3,2,0,1
17,4/3/2017,Stoke,Middlesbrough,2,0,H,2,0,H,C Pawson,13,8,8,2,16,20,6,1,1,2,0,0
17,4/3/2017,Swansea,Burnley,3,2,H,1,1,D,A Taylor,23,6,10,4,7,13,9,2,2,2,0,0
17,4/3/2017,Watford,Southampton,3,4,A,1,2,A,J Moss,16,20,4,11,16,9,6,5,3,2,0,0
17,4/3/2017,West Brom,Crystal Palace,0,2,A,0,0,D,M Jones,11,10,1,4,8,12,5,5,0,1,0,0
17,5/3/2017,Sunderland,Man City,0,2,A,0,1,A,M Atkinson,11,14,3,7,11,4,6,4,1,0,0,0
17,5/3/2017,Tottenham,Everton,3,2,H,1,0,H,M Oliver,20,8,7,4,9,14,7,2,1,2,0,0
17,6/3/2017,West Ham,Chelsea,1,2,A,0,1,A,A Marriner,11,9,2,4,8,8,6,4,0,1,0,0
17,8/3/2017,Man City,Stoke,0,0,D,0,0,D,N Swarbrick,12,5,1,2,8,11,8,1,1,3,0,0
17,11/3/2017,Bournemouth,West Ham,3,2,H,1,1,D,R Madley,21,15,9,7,20,15,5,6,4,2,0,0
17,11/3/2017,Everton,West Brom,3,0,H,2,0,H,G Scott,16,5,5,2,8,12,4,6,1,2,0,0
17,11/3/2017,Hull,Swansea,2,1,H,0,0,D,A Marriner,15,11,7,3,14,5,2,7,3,1,0,0
17,12/3/2017,Liverpool,Burnley,2,1,H,1,1,D,C Pawson,10,11,3,1,12,16,11,1,2,2,0,0
17,18/03/17,Bournemouth,Swansea,2,0,H,1,0,H,M Dean,12,10,6,1,10,9,2,4,0,2,0,0
17,18/03/17,Crystal Palace,Watford,1,0,H,0,0,D,M Atkinson,7,6,0,2,8,15,3,2,0,2,0,0
17,18/03/17,Everton,Hull,4,0,H,1,0,H,P Tierney,14,6,8,0,9,7,5,8,2,0,0,1
17,18/03/17,Stoke,Chelsea,1,2,A,1,1,D,A Taylor,5,20,1,7,16,11,5,11,4,2,1,0
17,18/03/17,Sunderland,Burnley,0,0,D,0,0,D,R Madley,14,17,5,3,14,7,3,5,2,1,0,0
17,18/03/17,West Brom,Arsenal,3,1,H,1,1,D,N Swarbrick,12,11,8,2,5,6,4,5,1,0,0,0
17,18/03/17,West Ham,Leicester,2,3,A,1,3,A,R East,20,11,7,5,10,14,6,5,0,1,0,0
17,19/03/17,Man City,Liverpool,1,1,D,0,0,D,M Oliver,13,13,3,4,14,7,9,8,3,3,0,0
17,19/03/17,Middlesbrough,Man United,1,3,A,0,1,A,J Moss,10,14,3,6,9,8,8,3,1,1,0,0
17,19/03/17,Tottenham,Southampton,2,1,H,2,0,H,A Marriner,12,8,6,3,12,13,5,1,3,3,0,0
17,1/4/2017,Burnley,Tottenham,0,2,A,0,0,D,S Attwell,13,19,2,7,9,6,3,7,2,0,0,0
17,1/4/2017,Chelsea,Crystal Palace,1,2,A,1,2,A,C Pawson,24,8,11,3,12,14,9,3,3,2,0,0
17,1/4/2017,Hull,West Ham,2,1,H,0,1,A,M Jones,7,12,3,4,16,9,5,5,2,2,0,0
17,1/4/2017,Leicester,Stoke,2,0,H,1,0,H,L Mason,23,10,10,2,7,11,10,4,1,4,0,0
17,1/4/2017,Liverpool,Everton,3,1,H,2,1,H,A Taylor,10,9,6,4,17,10,2,3,1,3,0,0
17,1/4/2017,Man United,West Brom,0,0,D,0,0,D,M Dean,18,3,3,1,15,13,6,1,3,3,0,0
17,1/4/2017,Southampton,Bournemouth,0,0,D,0,0,D,J Moss,14,12,4,3,14,8,6,3,1,0,0,0
17,1/4/2017,Watford,Sunderland,1,0,H,0,0,D,L Probert,23,11,10,3,12,8,13,9,1,3,0,0
17,2/4/2017,Arsenal,Man City,2,2,D,1,2,A,A Marriner,8,14,3,5,8,15,3,8,3,2,0,0
17,2/4/2017,Swansea,Middlesbrough,0,0,D,0,0,D,R Madley,15,8,3,1,9,16,11,3,2,3,0,0
17,4/4/2017,Burnley,Stoke,1,0,H,0,0,D,K Friend,7,15,3,2,9,16,3,5,3,2,0,0
17,4/4/2017,Leicester,Sunderland,2,0,H,0,0,D,G Scott,19,15,8,3,12,13,5,6,0,1,0,0
17,4/4/2017,Man United,Everton,1,1,D,0,1,A,N Swarbrick,18,11,3,4,10,18,6,5,1,4,0,1
17,4/4/2017,Watford,West Brom,2,0,H,1,0,H,P Tierney,9,18,2,2,11,14,5,6,1,4,1,0
17,5/4/2017,Arsenal,West Ham,3,0,H,0,0,D,M Atkinson,21,7,8,2,11,5,5,0,2,2,0,0
17,5/4/2017,Chelsea,Man City,2,1,H,2,1,H,M Dean,10,17,4,7,10,14,2,9,1,3,0,0
17,5/4/2017,Hull,Middlesbrough,4,2,H,3,2,H,M Oliver,17,12,5,4,13,12,8,4,2,1,0,0
17,5/4/2017,Liverpool,Bournemouth,2,2,D,1,1,D,L Mason,20,7,8,2,11,8,7,2,1,1,0,0
17,5/4/2017,Southampton,Crystal Palace,3,1,H,1,1,D,R East,25,17,9,3,16,11,11,11,2,1,0,0
17,5/4/2017,Swansea,Tottenham,1,3,A,1,0,H,J Moss,4,18,1,8,7,8,5,7,1,1,0,0
17,8/4/2017,Bournemouth,Chelsea,1,3,A,1,2,A,A Marriner,12,15,1,5,7,11,4,4,2,3,0,0
17,8/4/2017,Man City,Hull,3,1,H,1,0,H,J Moss,23,6,7,1,6,8,7,3,0,2,0,0
17,8/4/2017,Middlesbrough,Burnley,0,0,D,0,0,D,M Atkinson,12,7,5,2,9,12,4,3,0,3,0,0
17,8/4/2017,Stoke,Liverpool,1,2,A,1,0,H,M Dean,9,14,4,4,7,11,5,8,0,2,0,0
17,8/4/2017,Tottenham,Watford,4,0,H,3,0,H,A Taylor,19,8,6,2,12,12,7,5,0,1,0,0
17,8/4/2017,West Brom,Southampton,0,1,A,0,1,A,C Kavanagh,17,10,6,3,12,12,7,3,2,2,0,0
17,8/4/2017,West Ham,Swansea,1,0,H,1,0,H,K Friend,14,4,6,1,12,12,4,3,5,1,0,0
17,9/4/2017,Everton,Leicester,4,2,H,3,2,H,R Madley,12,6,7,4,8,15,4,6,2,2,0,0
17,9/4/2017,Sunderland,Man United,0,3,A,0,1,A,C Pawson,9,18,4,9,14,20,4,5,1,5,1,0
17,10/4/2017,Crystal Palace,Arsenal,3,0,H,1,0,H,M Oliver,17,11,6,3,11,10,5,8,0,1,0,0
17,15/04/17,Crystal Palace,Leicester,2,2,D,0,1,A,M Dean,15,6,4,2,10,16,8,5,0,2,0,0
17,15/04/17,Everton,Burnley,3,1,H,0,0,D,M Clattenburg,29,13,7,6,15,14,6,7,2,0,0,0
17,15/04/17,Southampton,Man City,0,3,A,0,0,D,N Swarbrick,8,18,1,5,9,8,3,8,3,0,0,0
17,15/04/17,Stoke,Hull,3,1,H,1,0,H,S Attwell,14,14,4,3,12,5,3,7,0,2,0,0
17,15/04/17,Sunderland,West Ham,2,2,D,1,1,D,A Marriner,14,7,4,3,14,10,8,1,1,0,0,1
17,15/04/17,Tottenham,Bournemouth,4,0,H,2,0,H,M Oliver,24,5,14,1,8,10,13,1,0,1,0,0
17,15/04/17,Watford,Swansea,1,0,H,1,0,H,L Mason,15,13,7,4,8,13,6,2,0,0,0,0
17,16/04/17,Man United,Chelsea,2,0,H,1,0,H,R Madley,9,5,3,0,16,20,1,3,3,3,0,0
17,16/04/17,West Brom,Liverpool,0,1,A,0,1,A,J Moss,7,15,2,2,15,9,4,4,3,1,0,0
17,17/04/17,Middlesbrough,Arsenal,1,2,A,0,1,A,A Taylor,13,12,5,4,11,16,2,4,2,2,0,0
17,22/04/17,Bournemouth,Middlesbrough,4,0,H,2,0,H,G Scott,20,5,10,2,4,14,4,3,0,2,0,1
17,22/04/17,Hull,Watford,2,0,H,0,0,D,R Madley,8,13,3,2,10,11,4,7,3,1,1,0
17,22/04/17,Swansea,Stoke,2,0,H,1,0,H,M Oliver,10,9,6,3,5,14,11,4,2,2,0,0
17,22/04/17,West Ham,Everton,0,0,D,0,0,D,R East,15,4,3,0,9,15,8,4,2,3,0,0
17,23/04/17,Burnley,Man United,0,2,A,0,2,A,A Taylor,8,12,0,6,17,16,3,3,2,1,0,0
17,23/04/17,Liverpool,Crystal Palace,1,2,A,1,1,D,A Marriner,14,7,1,3,8,10,4,3,1,2,0,0
17,25/04/17,Chelsea,Southampton,4,2,H,2,1,H,L Mason,17,12,7,4,13,9,6,7,2,2,0,0
17,26/04/17,Arsenal,Leicester,1,0,H,0,0,D,M Jones,12,7,5,3,9,13,12,1,2,4,0,0
17,26/04/17,Crystal Palace,Tottenham,0,1,A,0,0,D,J Moss,6,18,1,4,13,15,2,11,3,3,0,0
17,26/04/17,Middlesbrough,Sunderland,1,0,H,1,0,H,M Dean,6,10,2,4,15,11,3,5,3,3,0,0
17,27/04/17,Man City,Man United,0,0,D,0,0,D,M Atkinson,19,3,6,1,10,8,7,4,1,0,0,1
17,29/04/17,Crystal Palace,Burnley,0,2,A,0,1,A,R Madley,15,9,5,3,11,12,14,4,2,0,0,0
17,29/04/17,Southampton,Hull,0,0,D,0,0,D,M Dean,11,9,2,1,9,13,6,6,0,3,0,0
17,29/04/17,Stoke,West Ham,0,0,D,0,0,D,L Probert,19,12,4,4,12,3,5,3,1,0,0,0
17,29/04/17,Sunderland,Bournemouth,0,1,A,0,0,D,S Attwell,17,15,5,7,13,9,6,5,3,2,0,0
17,29/04/17,West Brom,Leicester,0,1,A,0,1,A,M Clattenburg,16,6,4,1,14,9,5,6,2,2,0,0
17,30/04/17,Everton,Chelsea,0,3,A,0,0,D,J Moss,12,11,4,5,13,11,2,4,3,4,0,0
17,30/04/17,Man United,Swansea,1,1,D,1,0,H,N Swarbrick,12,12,6,4,11,13,5,2,2,2,0,0
17,30/04/17,Middlesbrough,Man City,2,2,D,1,0,H,K Friend,14,22,6,4,9,9,4,11,4,4,0,0
17,30/04/17,Tottenham,Arsenal,2,0,H,0,0,D,M Oliver,20,12,11,4,7,15,14,5,1,3,0,0
17,1/5/2017,Watford,Liverpool,0,1,A,0,1,A,C Pawson,9,12,2,8,11,9,3,5,3,1,0,0
17,5/5/2017,West Ham,Tottenham,1,0,H,0,0,D,A Taylor,13,11,5,5,8,9,3,7,4,2,0,0
17,6/5/2017,Bournemouth,Stoke,2,2,D,0,1,A,P Tierney,12,14,2,3,10,15,0,7,2,0,0,0
17,6/5/2017,Burnley,West Brom,2,2,D,0,0,D,M Jones,14,11,4,3,9,14,5,8,1,3,0,0
17,6/5/2017,Hull,Sunderland,0,2,A,0,0,D,N Swarbrick,16,12,6,5,10,8,7,4,3,1,0,0
17,6/5/2017,Leicester,Watford,3,0,H,1,0,H,R East,11,14,5,7,8,10,10,1,0,0,0,0
17,6/5/2017,Man City,Crystal Palace,5,0,H,1,0,H,M Oliver,26,5,12,2,12,8,9,3,1,3,0,0
17,6/5/2017,Swansea,Everton,1,0,H,1,0,H,M Atkinson,9,8,4,2,5,13,9,5,0,0,0,0
17,7/5/2017,Arsenal,Man United,2,0,H,0,0,D,A Marriner,9,10,4,4,14,10,5,9,1,0,0,0
17,7/5/2017,Liverpool,Southampton,0,0,D,0,0,D,R Madley,17,4,8,0,9,4,3,6,1,3,0,0
17,8/5/2017,Chelsea,Middlesbrough,3,0,H,2,0,H,C Pawson,21,2,7,1,8,21,8,1,0,2,0,0
17,10/5/2017,Southampton,Arsenal,0,2,A,0,0,D,J Moss,14,11,3,4,5,5,8,5,1,2,0,0
17,12/5/2017,Everton,Watford,1,0,H,0,0,D,K Friend,15,14,6,2,7,11,9,8,0,3,0,0
17,12/5/2017,West Brom,Chelsea,0,1,A,0,0,D,M Oliver,7,24,2,5,13,8,5,8,3,0,0,0
17,13/05/17,Bournemouth,Burnley,2,1,H,1,0,H,L Probert,18,14,6,3,6,11,7,1,0,1,0,0
17,13/05/17,Man City,Leicester,2,1,H,2,1,H,R Madley,17,9,5,4,12,16,9,3,3,3,0,0
17,13/05/17,Middlesbrough,Southampton,1,2,A,0,1,A,A Taylor,14,14,3,4,19,11,6,3,3,0,0,0
17,13/05/17,Stoke,Arsenal,1,4,A,0,1,A,M Dean,10,10,4,6,13,7,7,6,1,2,0,0
17,13/05/17,Sunderland,Swansea,0,2,A,0,2,A,A Marriner,13,3,4,3,13,6,8,4,4,0,0,0
17,14/05/17,Crystal Palace,Hull,4,0,H,2,0,H,M Atkinson,12,9,4,0,13,14,3,7,3,5,0,0
17,14/05/17,Tottenham,Man United,2,1,H,1,0,H,J Moss,14,8,7,2,14,15,8,3,1,2,0,0
17,14/05/17,West Ham,Liverpool,0,4,A,0,1,A,N Swarbrick,10,26,3,11,5,10,4,6,2,0,0,0
17,15/05/17,Chelsea,Watford,4,3,H,2,1,H,L Mason,24,9,9,3,7,12,8,3,2,4,0,1
17,16/05/17,Arsenal,Sunderland,2,0,H,0,0,D,R East,36,6,13,2,15,10,17,3,4,2,0,0
17,16/05/17,Man City,West Brom,3,1,H,2,0,H,C Pawson,21,5,10,2,8,11,7,1,1,2,0,0
17,17/05/17,Southampton,Man United,0,0,D,0,0,D,M Dean,17,11,6,1,7,10,7,3,2,1,0,0
17,18/05/17,Leicester,Tottenham,1,6,A,0,2,A,M Oliver,12,26,5,12,11,8,4,4,3,1,0,0
17,21/05/17,Arsenal,Everton,3,1,H,2,0,H,M Oliver,17,22,9,7,10,15,4,6,2,4,1,0
17,21/05/17,Burnley,West Ham,1,2,A,1,1,D,R Madley,9,14,1,4,11,14,2,5,2,2,0,0
17,21/05/17,Chelsea,Sunderland,5,1,H,1,1,D,N Swarbrick,28,7,8,3,8,15,11,1,1,1,0,0
17,21/05/17,Hull,Tottenham,1,7,A,0,3,A,A Marriner,10,19,4,14,14,5,2,3,0,0,0,0
17,21/05/17,Leicester,Bournemouth,1,1,D,0,1,A,l Mason,21,10,5,4,11,10,9,1,4,1,0,0
17,21/05/17,Liverpool,Middlesbrough,3,0,H,1,0,H,M Atkinson,25,9,10,3,13,8,3,3,0,1,0,0
17,21/05/17,Man United,Crystal Palace,2,0,H,2,0,H,A Taylor,9,6,2,1,16,10,3,6,2,0,0,0
17,21/05/17,Southampton,Stoke,0,1,A,0,0,D,L Probert,14,14,6,3,12,10,4,10,2,4,0,0
17,21/05/17,Swansea,West Brom,2,1,H,0,1,A,M Dean,12,16,2,5,8,10,7,4,1,1,0,0
17,21/05/17,Watford,Man City,0,5,A,0,4,A,J Moss,6,15,3,9,12,10,4,5,1,0,0,0
